{"stats":{"minecraft:crafted":{"minecraft:stone_sword":4,"minecraft:oak_planks":20,"minecraft:torch":8,"minecraft:stone_axe":1,"minecraft:crafting_table":1,"minecraft:stick":12,"minecraft:stone_pickaxe":1,"minecraft:wooden_pickaxe":1},"minecraft:mined":{"minecraft:coal_ore":6,"minecraft:grass_block":2,"minecraft:oak_log":5,"minecraft:dirt":4,"minecraft:cobblestone":1,"minecraft:stone":47,"minecraft:oak_leaves":1,"minecraft:crafting_table":1},"minecraft:picked_up":{"minecraft:crafting_table":1,"minecraft:oak_log":5,"minecraft:coal":6,"minecraft:dirt":6,"minecraft:cobblestone":47},"minecraft:custom":{"minecraft:time_since_rest":9061,"minecraft:play_time":9061,"minecraft:sprint_one_cm":3355,"minecraft:damage_taken":30,"minecraft:walk_one_cm":7041,"minecraft:sneak_time":9,"minecraft:walk_under_water_one_cm":1672,"minecraft:jump":48,"minecraft:walk_on_water_one_cm":120,"minecraft:leave_game":1,"minecraft:time_since_death":9061,"minecraft:total_world_time":9061,"minecraft:fall_one_cm":1277,"minecraft:interact_with_crafting_table":5,"minecraft:fly_one_cm":2993},"minecraft:used":{"minecraft:cobblestone":3,"minecraft:crafting_table":2,"minecraft:stone_pickaxe":28,"minecraft:wooden_pickaxe":26}},"DataVersion":4082}