{"stats":{"minecraft:dropped":{"minecraft:stone_sword":2,"minecraft:cobbled_deepslate":64,"minecraft:tuff":20,"minecraft:oak_planks":42,"minecraft:dirt":31,"minecraft:diorite":5,"minecraft:netherrack":196},"minecraft:killed_by":{"minecraft:cave_spider":1,"minecraft:skeleton":2},"minecraft:killed":{"minecraft:cave_spider":2,"minecraft:spider":1,"minecraft:sheep":3,"minecraft:skeleton":1,"minecraft:zombie":5},"minecraft:crafted":{"minecraft:oak_planks":72,"minecraft:diamond_sword":1,"minecraft:diamond_axe":1,"minecraft:crafting_table":2,"minecraft:wooden_pickaxe":1,"minecraft:smithing_table":1,"minecraft:furnace":2,"minecraft:bucket":4,"minecraft:stone_axe":1,"minecraft:air":0,"minecraft:flint_and_steel":1,"minecraft:oak_boat":1,"minecraft:diamond_helmet":1,"minecraft:diamond_leggings":1,"minecraft:diamond_pickaxe":1,"minecraft:shield":1,"minecraft:stick":28,"minecraft:iron_ingot":12,"minecraft:iron_pickaxe":1,"minecraft:stone_pickaxe":1,"minecraft:stone_sword":4,"minecraft:gold_ingot":13,"minecraft:diamond_boots":1,"minecraft:white_bed":1,"minecraft:netherite_ingot":2,"minecraft:netherite_scrap":13,"minecraft:torch":8,"minecraft:diamond_chestplate":1},"minecraft:mined":{"minecraft:smithing_table":1,"minecraft:tuff":20,"minecraft:white_bed":2,"minecraft:deepslate_diamond_ore":44,"minecraft:obsidian":7,"minecraft:crafting_table":8,"minecraft:torch":1,"minecraft:granite":5,"minecraft:short_grass":2,"minecraft:grass_block":3,"minecraft:nether_quartz_ore":23,"minecraft:cobblestone":45,"minecraft:deepslate_gold_ore":15,"minecraft:sugar_cane":6,"minecraft:oak_planks":12,"minecraft:diorite":8,"minecraft:seagrass":1,"minecraft:magma_block":3,"minecraft:furnace":1,"minecraft:iron_ore":16,"minecraft:cobbled_deepslate":4,"minecraft:andesite":24,"minecraft:coal_ore":8,"minecraft:oak_log":18,"minecraft:gravel":12,"minecraft:dirt":28,"minecraft:cobweb":2,"minecraft:stone":139,"minecraft:ancient_debris":13,"minecraft:netherrack":324,"minecraft:oak_leaves":2,"minecraft:deepslate":168},"minecraft:picked_up":{"minecraft:magma_block":3,"minecraft:crafting_table":8,"minecraft:andesite":17,"minecraft:smithing_table":1,"minecraft:wooden_pickaxe":1,"minecraft:diamond_sword":1,"minecraft:enchanted_book":1,"minecraft:flint":1,"minecraft:tuff":40,"minecraft:oak_log":18,"minecraft:ancient_debris":22,"minecraft:shield":1,"minecraft:string":8,"minecraft:dirt":31,"minecraft:flint_and_steel":1,"minecraft:bone":4,"minecraft:diamond_leggings":1,"minecraft:cobbled_deepslate":242,"minecraft:raw_gold":18,"minecraft:bucket":4,"minecraft:iron_ingot":2,"minecraft:oak_boat":1,"minecraft:iron_pickaxe":1,"minecraft:diamond_helmet":1,"minecraft:sugar_cane":18,"minecraft:oak_planks":59,"minecraft:furnace":2,"minecraft:stick":18,"minecraft:raw_iron":20,"minecraft:oak_fence":2,"minecraft:torch":32,"minecraft:quartz":45,"minecraft:gravel":19,"minecraft:diorite":5,"minecraft:white_bed":2,"minecraft:spider_eye":1,"minecraft:diamond_chestplate":1,"minecraft:stone_sword":2,"minecraft:rotten_flesh":10,"minecraft:diamond":56,"minecraft:stone_axe":1,"minecraft:diamond_boots":1,"minecraft:diamond_axe":1,"minecraft:granite":10,"minecraft:netherrack":260,"minecraft:obsidian":7,"minecraft:mutton":10,"minecraft:white_wool":3,"minecraft:coal":20,"minecraft:rail":2,"minecraft:cobblestone":260,"minecraft:diamond_pickaxe":1},"minecraft:custom":{"minecraft:interact_with_smithing_table":1,"minecraft:interact_with_furnace":18,"minecraft:mob_kills":14,"minecraft:interact_with_crafting_table":24,"minecraft:leave_game":1,"minecraft:time_since_death":9675,"minecraft:sleep_in_bed":2,"minecraft:climb_one_cm":85,"minecraft:time_since_rest":9730,"minecraft:sprint_one_cm":92169,"minecraft:damage_taken":1395,"minecraft:walk_one_cm":157398,"minecraft:damage_blocked_by_shield":2668,"minecraft:drop":11,"minecraft:damage_dealt":2252,"minecraft:swim_one_cm":1711,"minecraft:fly_one_cm":84617,"minecraft:crouch_one_cm":3522,"minecraft:play_time":75061,"minecraft:deaths":5,"minecraft:sneak_time":1180,"minecraft:walk_under_water_one_cm":7029,"minecraft:boat_one_cm":26404,"minecraft:jump":776,"minecraft:walk_on_water_one_cm":7358,"minecraft:total_world_time":75061,"minecraft:fall_one_cm":23318},"minecraft:broken":{"minecraft:stone_pickaxe":1},"minecraft:used":{"minecraft:water_bucket":14,"minecraft:stone_sword":4,"minecraft:flint_and_steel":1,"minecraft:stone_pickaxe":131,"minecraft:wooden_pickaxe":26,"minecraft:shield":65,"minecraft:diamond_axe":38,"minecraft:torch":10,"minecraft:crafting_table":10,"minecraft:tuff":3,"minecraft:spider_eye":1,"minecraft:white_bed":3,"minecraft:obsidian":6,"minecraft:diamond_pickaxe":612,"minecraft:lava_bucket":14,"minecraft:iron_pickaxe":134,"minecraft:gravel":3,"minecraft:stone_axe":10,"minecraft:diamond_sword":68,"minecraft:cobblestone":103,"minecraft:smithing_table":1,"minecraft:furnace":3,"minecraft:bucket":28,"minecraft:andesite":17,"minecraft:oak_boat":2,"minecraft:cobbled_deepslate":91}},"DataVersion":4082}