{"stats":{"minecraft:killed":{"minecraft:skeleton":1},"minecraft:crafted":{"minecraft:oak_planks":20,"minecraft:diamond_sword":1,"minecraft:diamond_helmet":1,"minecraft:diamond_leggings":1,"minecraft:diamond_pickaxe":1,"minecraft:shield":1,"minecraft:diamond_axe":1,"minecraft:crafting_table":2,"minecraft:stick":28,"minecraft:iron_pickaxe":1,"minecraft:iron_ingot":12,"minecraft:wooden_pickaxe":1,"minecraft:stone_pickaxe":1,"minecraft:stone_sword":4,"minecraft:diamond_boots":1,"minecraft:furnace":1,"minecraft:torch":8,"minecraft:stone_axe":1,"minecraft:air":0,"minecraft:diamond_chestplate":1},"minecraft:mined":{"minecraft:tuff":6,"minecraft:furnace":1,"minecraft:deepslate_diamond_ore":44,"minecraft:iron_ore":16,"minecraft:andesite":17,"minecraft:torch":1,"minecraft:crafting_table":6,"minecraft:granite":5,"minecraft:oak_log":5,"minecraft:grass_block":2,"minecraft:coal_ore":8,"minecraft:gravel":7,"minecraft:dirt":21,"minecraft:cobblestone":1,"minecraft:deepslate_gold_ore":1,"minecraft:stone":95,"minecraft:oak_planks":12,"minecraft:diorite":5,"minecraft:oak_leaves":1,"minecraft:deepslate":99},"minecraft:picked_up":{"minecraft:crafting_table":6,"minecraft:raw_iron":16,"minecraft:andesite":17,"minecraft:torch":1,"minecraft:gravel":7,"minecraft:tuff":6,"minecraft:oak_log":5,"minecraft:diorite":5,"minecraft:dirt":23,"minecraft:bone":2,"minecraft:diamond":44,"minecraft:cobbled_deepslate":99,"minecraft:raw_gold":1,"minecraft:granite":5,"minecraft:oak_planks":12,"minecraft:coal":8,"minecraft:cobblestone":96,"minecraft:furnace":1},"minecraft:custom":{"minecraft:time_since_rest":21061,"minecraft:interact_with_furnace":4,"minecraft:sprint_one_cm":8315,"minecraft:damage_taken":30,"minecraft:walk_one_cm":30463,"minecraft:mob_kills":1,"minecraft:damage_dealt":200,"minecraft:interact_with_crafting_table":11,"minecraft:fly_one_cm":4198,"minecraft:play_time":21061,"minecraft:sneak_time":9,"minecraft:walk_under_water_one_cm":1672,"minecraft:jump":102,"minecraft:leave_game":1,"minecraft:time_since_death":21061,"minecraft:walk_on_water_one_cm":570,"minecraft:total_world_time":21061,"minecraft:fall_one_cm":1486},"minecraft:broken":{"minecraft:stone_pickaxe":1},"minecraft:used":{"minecraft:diamond_pickaxe":31,"minecraft:stone_sword":4,"minecraft:stone_pickaxe":131,"minecraft:iron_pickaxe":134,"minecraft:wooden_pickaxe":26,"minecraft:diamond_axe":8,"minecraft:stone_axe":10,"minecraft:torch":1,"minecraft:cobblestone":3,"minecraft:crafting_table":7,"minecraft:furnace":1,"minecraft:andesite":15}},"DataVersion":4082}