{"stats":{"minecraft:custom":{"minecraft:interact_with_smithing_table":1,"minecraft:mob_kills":22,"minecraft:interact_with_crafting_table":28,"minecraft:leave_game":3,"minecraft:time_since_death":271,"minecraft:climb_one_cm":790,"minecraft:sprint_one_cm":198717,"minecraft:walk_one_cm":244221,"minecraft:damage_blocked_by_shield":2668,"minecraft:drop":20,"minecraft:play_time":108471,"minecraft:deaths":9,"minecraft:sneak_time":1308,"minecraft:walk_under_water_one_cm":9631,"minecraft:boat_one_cm":113693,"minecraft:jump":1497,"minecraft:walk_on_water_one_cm":11204,"minecraft:total_world_time":108471,"minecraft:interact_with_furnace":18,"minecraft:sleep_in_bed":2,"minecraft:time_since_rest":301,"minecraft:damage_taken":2632,"minecraft:damage_dealt":2911,"minecraft:fly_one_cm":236187,"minecraft:swim_one_cm":21694,"minecraft:open_chest":5,"minecraft:crouch_one_cm":3860,"minecraft:fall_one_cm":36814},"minecraft:dropped":{"minecraft:dark_oak_sapling":2,"minecraft:oak_fence":1,"minecraft:rail":1,"minecraft:dirt":31,"minecraft:diorite":5,"minecraft:string":4,"minecraft:bucket":3,"minecraft:gravel":8,"minecraft:stone_sword":2,"minecraft:cobbled_deepslate":64,"minecraft:tuff":29,"minecraft:oak_planks":42,"minecraft:andesite":10,"minecraft:netherrack":196},"minecraft:picked_up":{"minecraft:crafting_table":9,"minecraft:smithing_table":1,"minecraft:diamond_sword":1,"minecraft:wooden_pickaxe":1,"minecraft:enchanted_book":1,"minecraft:shield":1,"minecraft:string":8,"minecraft:flint_and_steel":1,"minecraft:white_carpet":1,"minecraft:diamond_leggings":1,"minecraft:cobbled_deepslate":245,"minecraft:bucket":7,"minecraft:oak_boat":1,"minecraft:iron_pickaxe":1,"minecraft:sugar_cane":21,"minecraft:furnace":2,"minecraft:dark_oak_sapling":4,"minecraft:stick":18,"minecraft:raw_iron":20,"minecraft:oak_fence":2,"minecraft:torch":32,"minecraft:porkchop":6,"minecraft:diorite":5,"minecraft:dark_oak_planks":8,"minecraft:stone_sword":2,"minecraft:rotten_flesh":10,"minecraft:diamond_chestplate":1,"minecraft:diamond_boots":1,"minecraft:obsidian":18,"minecraft:mutton":15,"minecraft:white_wool":6,"minecraft:rail":2,"minecraft:cobblestone":275,"minecraft:birch_log":5,"minecraft:magma_block":3,"minecraft:water_bucket":2,"minecraft:andesite":32,"minecraft:flint":1,"minecraft:tuff":44,"minecraft:oak_log":18,"minecraft:ancient_debris":22,"minecraft:dirt":31,"minecraft:red_carpet":1,"minecraft:bone":4,"minecraft:gray_carpet":1,"minecraft:raw_gold":18,"minecraft:iron_ingot":2,"minecraft:diamond_helmet":1,"minecraft:oak_planks":59,"minecraft:birch_boat":1,"minecraft:quartz":45,"minecraft:gravel":27,"minecraft:white_bed":2,"minecraft:dark_oak_log":8,"minecraft:spider_eye":1,"minecraft:diamond":56,"minecraft:stone_axe":1,"minecraft:diamond_axe":1,"minecraft:granite":10,"minecraft:netherrack":260,"minecraft:coal":20,"minecraft:diamond_pickaxe":1},"minecraft:killed":{"minecraft:cave_spider":2,"minecraft:spider":1,"minecraft:skeleton":1,"minecraft:chicken":1,"minecraft:pig":3,"minecraft:sheep":7,"minecraft:zombie":5},"minecraft:mined":{"minecraft:dark_oak_planks":2,"minecraft:red_carpet":1,"minecraft:tuff":24,"minecraft:white_bed":2,"minecraft:dark_oak_leaves":40,"minecraft:deepslate_diamond_ore":44,"minecraft:dark_oak_log":8,"minecraft:obsidian":18,"minecraft:granite":5,"minecraft:grass_block":3,"minecraft:magma_block":3,"minecraft:furnace":1,"minecraft:iron_ore":16,"minecraft:cobbled_deepslate":4,"minecraft:andesite":29,"minecraft:stone":161,"minecraft:smithing_table":1,"minecraft:glass_pane":14,"minecraft:crafting_table":9,"minecraft:torch":1,"minecraft:short_grass":8,"minecraft:nether_quartz_ore":23,"minecraft:cobblestone":45,"minecraft:deepslate_gold_ore":15,"minecraft:sugar_cane":7,"minecraft:oak_planks":12,"minecraft:diorite":8,"minecraft:seagrass":1,"minecraft:birch_log":6,"minecraft:birch_leaves":3,"minecraft:coal_ore":8,"minecraft:oak_log":18,"minecraft:gravel":12,"minecraft:dirt":28,"minecraft:gray_carpet":1,"minecraft:cobweb":2,"minecraft:ancient_debris":13,"minecraft:netherrack":324,"minecraft:oak_leaves":3,"minecraft:deepslate":173},"minecraft:broken":{"minecraft:stone_pickaxe":1},"minecraft:used":{"minecraft:stone_sword":4,"minecraft:flint_and_steel":1,"minecraft:chest":2,"minecraft:shield":65,"minecraft:torch":10,"minecraft:mutton":8,"minecraft:tuff":15,"minecraft:granite":5,"minecraft:obsidian":6,"minecraft:dark_oak_planks":4,"minecraft:lava_bucket":14,"minecraft:furnace":3,"minecraft:cobbled_deepslate":117,"minecraft:water_bucket":15,"minecraft:stone_pickaxe":131,"minecraft:wooden_pickaxe":26,"minecraft:birch_boat":1,"minecraft:diamond_axe":63,"minecraft:crafting_table":12,"minecraft:spider_eye":1,"minecraft:white_bed":4,"minecraft:diamond_pickaxe":659,"minecraft:bread":1,"minecraft:iron_pickaxe":134,"minecraft:gravel":3,"minecraft:stone_axe":10,"minecraft:diamond_sword":125,"minecraft:cobblestone":167,"minecraft:porkchop":3,"minecraft:smithing_table":1,"minecraft:andesite":22,"minecraft:bucket":30,"minecraft:oak_boat":2},"minecraft:crafted":{"minecraft:oak_planks":72,"minecraft:birch_boat":1,"minecraft:furnace":2,"minecraft:flint_and_steel":1,"minecraft:diamond_helmet":1,"minecraft:diamond_leggings":1,"minecraft:stone_pickaxe":1,"minecraft:chest":4,"minecraft:diamond_boots":1,"minecraft:netherite_scrap":13,"minecraft:dark_oak_planks":32,"minecraft:diamond_sword":1,"minecraft:diamond_axe":1,"minecraft:crafting_table":3,"minecraft:wooden_pickaxe":1,"minecraft:smithing_table":1,"minecraft:bucket":4,"minecraft:birch_planks":20,"minecraft:stone_axe":1,"minecraft:air":0,"minecraft:oak_boat":1,"minecraft:diamond_pickaxe":1,"minecraft:shield":1,"minecraft:stick":28,"minecraft:iron_ingot":12,"minecraft:iron_pickaxe":1,"minecraft:stone_sword":4,"minecraft:gold_ingot":13,"minecraft:white_bed":2,"minecraft:netherite_ingot":2,"minecraft:torch":8,"minecraft:diamond_chestplate":1},"minecraft:killed_by":{"minecraft:creeper":1,"minecraft:cave_spider":1,"minecraft:skeleton":5}},"DataVersion":4082}