{"stats":{"minecraft:custom":{"minecraft:interact_with_smithing_table":1,"minecraft:interact_with_furnace":18,"minecraft:mob_kills":14,"minecraft:interact_with_crafting_table":24,"minecraft:leave_game":1,"minecraft:sleep_in_bed":2,"minecraft:time_since_death":15652,"minecraft:climb_one_cm":85,"minecraft:time_since_rest":15707,"minecraft:sprint_one_cm":92169,"minecraft:damage_taken":1535,"minecraft:walk_one_cm":158917,"minecraft:damage_blocked_by_shield":2668,"minecraft:drop":14,"minecraft:damage_dealt":2252,"minecraft:swim_one_cm":13416,"minecraft:fly_one_cm":84617,"minecraft:crouch_one_cm":3522,"minecraft:play_time":81038,"minecraft:deaths":5,"minecraft:sneak_time":1180,"minecraft:walk_under_water_one_cm":9272,"minecraft:boat_one_cm":26404,"minecraft:jump":849,"minecraft:walk_on_water_one_cm":8518,"minecraft:total_world_time":81038,"minecraft:fall_one_cm":23318},"minecraft:dropped":{"minecraft:stone_sword":2,"minecraft:cobbled_deepslate":64,"minecraft:tuff":20,"minecraft:oak_planks":42,"minecraft:dirt":31,"minecraft:diorite":5,"minecraft:andesite":10,"minecraft:bucket":3,"minecraft:netherrack":196},"minecraft:picked_up":{"minecraft:magma_block":3,"minecraft:crafting_table":8,"minecraft:water_bucket":2,"minecraft:andesite":32,"minecraft:smithing_table":1,"minecraft:diamond_sword":1,"minecraft:wooden_pickaxe":1,"minecraft:enchanted_book":1,"minecraft:flint":1,"minecraft:tuff":44,"minecraft:oak_log":18,"minecraft:ancient_debris":22,"minecraft:shield":1,"minecraft:string":8,"minecraft:dirt":31,"minecraft:flint_and_steel":1,"minecraft:bone":4,"minecraft:diamond_leggings":1,"minecraft:cobbled_deepslate":245,"minecraft:raw_gold":18,"minecraft:bucket":7,"minecraft:iron_ingot":2,"minecraft:oak_boat":1,"minecraft:diamond_helmet":1,"minecraft:iron_pickaxe":1,"minecraft:sugar_cane":18,"minecraft:oak_planks":59,"minecraft:furnace":2,"minecraft:stick":18,"minecraft:raw_iron":20,"minecraft:oak_fence":2,"minecraft:torch":32,"minecraft:quartz":45,"minecraft:gravel":19,"minecraft:diorite":5,"minecraft:white_bed":2,"minecraft:spider_eye":1,"minecraft:stone_sword":2,"minecraft:diamond_chestplate":1,"minecraft:rotten_flesh":10,"minecraft:diamond":56,"minecraft:stone_axe":1,"minecraft:diamond_boots":1,"minecraft:diamond_axe":1,"minecraft:granite":10,"minecraft:mutton":10,"minecraft:netherrack":260,"minecraft:obsidian":18,"minecraft:coal":20,"minecraft:white_wool":3,"minecraft:rail":2,"minecraft:cobblestone":275,"minecraft:diamond_pickaxe":1},"minecraft:killed":{"minecraft:cave_spider":2,"minecraft:spider":1,"minecraft:skeleton":1,"minecraft:sheep":3,"minecraft:zombie":5},"minecraft:mined":{"minecraft:smithing_table":1,"minecraft:tuff":24,"minecraft:white_bed":2,"minecraft:deepslate_diamond_ore":44,"minecraft:obsidian":18,"minecraft:crafting_table":8,"minecraft:torch":1,"minecraft:granite":5,"minecraft:short_grass":2,"minecraft:grass_block":3,"minecraft:nether_quartz_ore":23,"minecraft:cobblestone":45,"minecraft:deepslate_gold_ore":15,"minecraft:sugar_cane":6,"minecraft:oak_planks":12,"minecraft:diorite":8,"minecraft:seagrass":1,"minecraft:magma_block":3,"minecraft:furnace":1,"minecraft:iron_ore":16,"minecraft:cobbled_deepslate":4,"minecraft:andesite":29,"minecraft:coal_ore":8,"minecraft:oak_log":18,"minecraft:gravel":12,"minecraft:dirt":28,"minecraft:cobweb":2,"minecraft:stone":161,"minecraft:ancient_debris":13,"minecraft:netherrack":324,"minecraft:oak_leaves":2,"minecraft:deepslate":173},"minecraft:broken":{"minecraft:stone_pickaxe":1},"minecraft:crafted":{"minecraft:oak_planks":72,"minecraft:diamond_sword":1,"minecraft:diamond_axe":1,"minecraft:crafting_table":2,"minecraft:wooden_pickaxe":1,"minecraft:smithing_table":1,"minecraft:furnace":2,"minecraft:bucket":4,"minecraft:stone_axe":1,"minecraft:air":0,"minecraft:flint_and_steel":1,"minecraft:oak_boat":1,"minecraft:diamond_helmet":1,"minecraft:diamond_leggings":1,"minecraft:diamond_pickaxe":1,"minecraft:shield":1,"minecraft:stick":28,"minecraft:iron_ingot":12,"minecraft:iron_pickaxe":1,"minecraft:stone_pickaxe":1,"minecraft:stone_sword":4,"minecraft:diamond_boots":1,"minecraft:gold_ingot":13,"minecraft:white_bed":1,"minecraft:netherite_ingot":2,"minecraft:netherite_scrap":13,"minecraft:torch":8,"minecraft:diamond_chestplate":1},"minecraft:used":{"minecraft:water_bucket":15,"minecraft:stone_sword":4,"minecraft:flint_and_steel":1,"minecraft:stone_pickaxe":131,"minecraft:shield":65,"minecraft:wooden_pickaxe":26,"minecraft:diamond_axe":38,"minecraft:torch":10,"minecraft:mutton":3,"minecraft:crafting_table":10,"minecraft:tuff":15,"minecraft:spider_eye":1,"minecraft:white_bed":3,"minecraft:obsidian":6,"minecraft:diamond_pickaxe":659,"minecraft:lava_bucket":14,"minecraft:iron_pickaxe":134,"minecraft:gravel":3,"minecraft:stone_axe":10,"minecraft:diamond_sword":68,"minecraft:cobblestone":103,"minecraft:furnace":3,"minecraft:smithing_table":1,"minecraft:bucket":30,"minecraft:andesite":22,"minecraft:oak_boat":2,"minecraft:cobbled_deepslate":117},"minecraft:killed_by":{"minecraft:cave_spider":1,"minecraft:skeleton":2}},"DataVersion":4082}