{"stats":{"minecraft:dropped":{"minecraft:stone_sword":2,"minecraft:dirt":31,"minecraft:diorite":5},"minecraft:killed_by":{"minecraft:cave_spider":1},"minecraft:killed":{"minecraft:cave_spider":2,"minecraft:spider":1,"minecraft:sheep":3,"minecraft:skeleton":1,"minecraft:zombie":2},"minecraft:crafted":{"minecraft:oak_planks":72,"minecraft:diamond_sword":1,"minecraft:diamond_axe":1,"minecraft:crafting_table":2,"minecraft:wooden_pickaxe":1,"minecraft:furnace":1,"minecraft:bucket":2,"minecraft:stone_axe":1,"minecraft:air":0,"minecraft:oak_boat":1,"minecraft:diamond_helmet":1,"minecraft:diamond_leggings":1,"minecraft:diamond_pickaxe":1,"minecraft:shield":1,"minecraft:stick":28,"minecraft:iron_ingot":12,"minecraft:iron_pickaxe":1,"minecraft:stone_pickaxe":1,"minecraft:stone_sword":4,"minecraft:diamond_boots":1,"minecraft:white_bed":1,"minecraft:torch":8,"minecraft:diamond_chestplate":1},"minecraft:mined":{"minecraft:tuff":18,"minecraft:white_bed":1,"minecraft:deepslate_diamond_ore":44,"minecraft:obsidian":2,"minecraft:crafting_table":8,"minecraft:torch":1,"minecraft:granite":5,"minecraft:short_grass":2,"minecraft:grass_block":3,"minecraft:cobblestone":5,"minecraft:deepslate_gold_ore":1,"minecraft:sugar_cane":6,"minecraft:oak_planks":12,"minecraft:diorite":8,"minecraft:seagrass":1,"minecraft:furnace":1,"minecraft:iron_ore":16,"minecraft:cobbled_deepslate":2,"minecraft:andesite":24,"minecraft:coal_ore":8,"minecraft:oak_log":18,"minecraft:gravel":9,"minecraft:dirt":28,"minecraft:cobweb":2,"minecraft:stone":139,"minecraft:oak_leaves":2,"minecraft:deepslate":136},"minecraft:picked_up":{"minecraft:crafting_table":8,"minecraft:andesite":17,"minecraft:tuff":18,"minecraft:oak_log":18,"minecraft:string":3,"minecraft:dirt":31,"minecraft:bone":2,"minecraft:cobbled_deepslate":142,"minecraft:raw_gold":2,"minecraft:oak_boat":1,"minecraft:sugar_cane":9,"minecraft:oak_planks":13,"minecraft:furnace":1,"minecraft:raw_iron":16,"minecraft:oak_fence":1,"minecraft:torch":1,"minecraft:gravel":9,"minecraft:diorite":5,"minecraft:white_bed":1,"minecraft:spider_eye":1,"minecraft:rotten_flesh":1,"minecraft:diamond":44,"minecraft:granite":5,"minecraft:obsidian":2,"minecraft:mutton":5,"minecraft:white_wool":3,"minecraft:coal":8,"minecraft:rail":1,"minecraft:cobblestone":144},"minecraft:custom":{"minecraft:interact_with_furnace":4,"minecraft:mob_kills":11,"minecraft:interact_with_crafting_table":16,"minecraft:leave_game":1,"minecraft:time_since_death":20085,"minecraft:sleep_in_bed":1,"minecraft:climb_one_cm":85,"minecraft:time_since_rest":291,"minecraft:sprint_one_cm":42318,"minecraft:damage_taken":426,"minecraft:walk_one_cm":81576,"minecraft:damage_blocked_by_shield":2164,"minecraft:drop":4,"minecraft:damage_dealt":1808,"minecraft:swim_one_cm":1711,"minecraft:fly_one_cm":33944,"minecraft:crouch_one_cm":2447,"minecraft:play_time":45061,"minecraft:deaths":1,"minecraft:sneak_time":869,"minecraft:walk_under_water_one_cm":6563,"minecraft:boat_one_cm":26404,"minecraft:jump":330,"minecraft:walk_on_water_one_cm":5987,"minecraft:total_world_time":45061,"minecraft:fall_one_cm":6867},"minecraft:broken":{"minecraft:stone_pickaxe":1},"minecraft:used":{"minecraft:water_bucket":2,"minecraft:stone_sword":4,"minecraft:stone_pickaxe":131,"minecraft:wooden_pickaxe":26,"minecraft:shield":59,"minecraft:diamond_axe":37,"minecraft:torch":7,"minecraft:crafting_table":10,"minecraft:spider_eye":1,"minecraft:white_bed":2,"minecraft:diamond_pickaxe":152,"minecraft:lava_bucket":2,"minecraft:iron_pickaxe":134,"minecraft:stone_axe":10,"minecraft:diamond_sword":55,"minecraft:cobblestone":12,"minecraft:furnace":1,"minecraft:bucket":6,"minecraft:andesite":17,"minecraft:oak_boat":1,"minecraft:cobbled_deepslate":84}},"DataVersion":4082}