{"stats":{"minecraft:picked_up":{"minecraft:stick":5,"minecraft:crafting_table":2,"minecraft:feather":3,"minecraft:chicken":3,"minecraft:porkchop":5,"minecraft:oak_log":40,"minecraft:gunpowder":1,"minecraft:dirt":8,"minecraft:rotten_flesh":6,"minecraft:wheat_seeds":1,"minecraft:stone_pickaxe":1,"minecraft:oak_sapling":2,"minecraft:mutton":7,"minecraft:oak_planks":38,"minecraft:coal":18,"minecraft:white_wool":4,"minecraft:cobblestone":41},"minecraft:killed_by":{"minecraft:player":1},"minecraft:used":{"minecraft:stone_pickaxe":20,"minecraft:wooden_pickaxe":41,"minecraft:rotten_flesh":6,"minecraft:torch":4,"minecraft:stone_axe":25,"minecraft:dirt":5,"minecraft:crafting_table":3,"minecraft:furnace":1,"minecraft:oak_sapling":2},"minecraft:killed":{"minecraft:sheep":1,"minecraft:zombie":7,"minecraft:pig":3,"minecraft:creeper":1},"minecraft:crafted":{"minecraft:oak_planks":108,"minecraft:charcoal":3,"minecraft:crafting_table":2,"minecraft:stick":20,"minecraft:wooden_pickaxe":2,"minecraft:stone_pickaxe":2,"minecraft:furnace":1,"minecraft:torch":44,"minecraft:stone_axe":2,"minecraft:oak_trapdoor":8},"minecraft:custom":{"minecraft:time_since_rest":7637,"minecraft:interact_with_furnace":6,"minecraft:sprint_one_cm":68856,"minecraft:damage_taken":312,"minecraft:walk_one_cm":59384,"minecraft:mob_kills":12,"minecraft:drop":5,"minecraft:damage_dealt":1999,"minecraft:swim_one_cm":13393,"minecraft:interact_with_crafting_table":10,"minecraft:fly_one_cm":72575,"minecraft:crouch_one_cm":858,"minecraft:play_time":21851,"minecraft:deaths":1,"minecraft:sneak_time":571,"minecraft:walk_under_water_one_cm":1212,"minecraft:jump":446,"minecraft:leave_game":2,"minecraft:walk_on_water_one_cm":1175,"minecraft:time_since_death":7613,"minecraft:total_world_time":21851,"minecraft:fall_one_cm":14220},"minecraft:dropped":{"minecraft:dirt":3,"minecraft:stone_pickaxe":1,"minecraft:wooden_pickaxe":1},"minecraft:mined":{"minecraft:crafting_table":1,"minecraft:short_grass":5,"minecraft:coal_ore":18,"minecraft:grass_block":4,"minecraft:oak_log":37,"minecraft:dirt":4,"minecraft:tall_grass":5,"minecraft:stone":41,"minecraft:oak_leaves":23}},"DataVersion":4082}