{"stats":{"minecraft:dropped":{"minecraft:furnace":1,"minecraft:oak_planks":5,"minecraft:iron_pickaxe":1,"minecraft:bone":1},"minecraft:killed_by":{"minecraft:skeleton":3,"minecraft:creeper":2,"minecraft:zombie":5,"minecraft:drowned":1},"minecraft:killed":{"minecraft:pig":4,"minecraft:horse":2,"minecraft:skeleton":2,"minecraft:sheep":7,"minecraft:zombie":14,"minecraft:chicken":1,"minecraft:cow":5},"minecraft:crafted":{"minecraft:cooked_beef":3,"minecraft:oak_planks":212,"minecraft:stone_shovel":1,"minecraft:crafting_table":4,"minecraft:wooden_pickaxe":1,"minecraft:iron_helmet":1,"minecraft:furnace":2,"minecraft:bucket":1,"minecraft:stone_axe":1,"minecraft:cooked_mutton":4,"minecraft:oak_trapdoor":8,"minecraft:hopper":6,"minecraft:iron_chestplate":1,"minecraft:iron_boots":1,"minecraft:charcoal":9,"minecraft:shield":1,"minecraft:iron_axe":1,"minecraft:stick":44,"minecraft:iron_ingot":68,"minecraft:iron_pickaxe":1,"minecraft:stone_pickaxe":3,"minecraft:chest":8,"minecraft:iron_leggings":1,"minecraft:white_bed":1,"minecraft:torch":60,"minecraft:stone_hoe":1},"minecraft:mined":{"minecraft:white_bed":1,"minecraft:deepslate_diamond_ore":2,"minecraft:dandelion":3,"minecraft:crafting_table":3,"minecraft:granite":1,"minecraft:short_grass":89,"minecraft:grass_block":129,"minecraft:tall_grass":9,"minecraft:cobblestone":81,"minecraft:sugar_cane":12,"minecraft:oxeye_daisy":1,"minecraft:magma_block":3,"minecraft:redstone_ore":4,"minecraft:oak_trapdoor":8,"minecraft:fire":1,"minecraft:iron_ore":90,"minecraft:wheat":3,"minecraft:andesite":7,"minecraft:birch_leaves":3,"minecraft:coal_ore":33,"minecraft:potatoes":1,"minecraft:oak_log":72,"minecraft:deepslate_iron_ore":8,"minecraft:dirt_path":4,"minecraft:gravel":26,"minecraft:sand":1,"minecraft:dirt":30,"minecraft:stripped_oak_log":1,"minecraft:stone":83,"minecraft:gold_ore":2,"minecraft:oak_leaves":14,"minecraft:deepslate":2},"minecraft:picked_up":{"minecraft:stripped_oak_log":1,"minecraft:crafting_table":3,"minecraft:magma_block":1,"minecraft:wheat":2,"minecraft:chicken":1,"minecraft:andesite":7,"minecraft:leather":6,"minecraft:potato":1,"minecraft:flint":2,"minecraft:oak_log":72,"minecraft:oak_trapdoor":8,"minecraft:string":1,"minecraft:dirt":160,"minecraft:iron_shovel":1,"minecraft:bone":1,"minecraft:wheat_seeds":26,"minecraft:cobbled_deepslate":2,"minecraft:raw_gold":2,"minecraft:beef":7,"minecraft:iron_pickaxe":1,"minecraft:sugar_cane":29,"minecraft:oak_planks":31,"minecraft:furnace":2,"minecraft:stick":1,"minecraft:raw_iron":98,"minecraft:dandelion":3,"minecraft:gravel":22,"minecraft:porkchop":6,"minecraft:white_bed":1,"minecraft:redstone":21,"minecraft:spider_eye":1,"minecraft:arrow":1,"minecraft:rotten_flesh":10,"minecraft:diamond":2,"minecraft:granite":1,"minecraft:oak_sapling":2,"minecraft:mutton":12,"minecraft:coal":33,"minecraft:white_wool":7,"minecraft:cobblestone":95,"minecraft:oxeye_daisy":1},"minecraft:custom":{"minecraft:interact_with_furnace":25,"minecraft:mob_kills":36,"minecraft:interact_with_crafting_table":21,"minecraft:leave_game":7,"minecraft:time_since_death":14246,"minecraft:sleep_in_bed":4,"minecraft:time_since_rest":14280,"minecraft:sprint_one_cm":359762,"minecraft:damage_taken":4418,"minecraft:walk_one_cm":286175,"minecraft:damage_blocked_by_shield":630,"minecraft:drop":4,"minecraft:damage_dealt":6112,"minecraft:swim_one_cm":94440,"minecraft:fly_one_cm":502042,"minecraft:open_chest":11,"minecraft:crouch_one_cm":1896,"minecraft:play_time":115029,"minecraft:deaths":14,"minecraft:sneak_time":1261,"minecraft:walk_under_water_one_cm":19460,"minecraft:jump":2463,"minecraft:walk_on_water_one_cm":21213,"minecraft:total_world_time":115029,"minecraft:fall_one_cm":85675},"minecraft:broken":{"minecraft:stone_pickaxe":2,"minecraft:stone_shovel":1},"minecraft:used":{"minecraft:cooked_mutton":4,"minecraft:wheat_seeds":20,"minecraft:water_bucket":25,"minecraft:iron_shovel":1,"minecraft:stone_shovel":135,"minecraft:stone_pickaxe":266,"minecraft:oak_planks":1,"minecraft:wooden_pickaxe":11,"minecraft:chest":2,"minecraft:shield":10,"minecraft:stone_hoe":38,"minecraft:rotten_flesh":10,"minecraft:torch":44,"minecraft:dirt":148,"minecraft:hopper":1,"minecraft:crafting_table":7,"minecraft:spider_eye":1,"minecraft:white_bed":2,"minecraft:lava_bucket":4,"minecraft:iron_axe":123,"minecraft:iron_pickaxe":57,"minecraft:stone_axe":57,"minecraft:cobblestone":52,"minecraft:beef":3,"minecraft:furnace":3,"minecraft:porkchop":2,"minecraft:bucket":29,"minecraft:cooked_beef":3,"minecraft:cobbled_deepslate":2,"minecraft:oak_trapdoor":15}},"DataVersion":4082}