{"stats":{"minecraft:dropped":{"minecraft:furnace":1,"minecraft:iron_pickaxe":1},"minecraft:killed":{"minecraft:horse":2,"minecraft:skeleton":1,"minecraft:sheep":3,"minecraft:zombie":7,"minecraft:chicken":1,"minecraft:cow":5},"minecraft:killed_by":{"minecraft:skeleton":3,"minecraft:creeper":1,"minecraft:zombie":4},"minecraft:crafted":{"minecraft:cooked_beef":3,"minecraft:oak_planks":212,"minecraft:stone_shovel":1,"minecraft:crafting_table":3,"minecraft:iron_helmet":1,"minecraft:wooden_pickaxe":1,"minecraft:furnace":2,"minecraft:bucket":1,"minecraft:stone_axe":1,"minecraft:cooked_mutton":4,"minecraft:hopper":6,"minecraft:iron_boots":1,"minecraft:iron_chestplate":1,"minecraft:charcoal":9,"minecraft:shield":1,"minecraft:iron_axe":1,"minecraft:stick":44,"minecraft:iron_ingot":68,"minecraft:iron_pickaxe":1,"minecraft:stone_pickaxe":2,"minecraft:chest":7,"minecraft:iron_leggings":1,"minecraft:white_bed":1,"minecraft:torch":60,"minecraft:stone_hoe":1},"minecraft:mined":{"minecraft:white_bed":1,"minecraft:deepslate_diamond_ore":2,"minecraft:dandelion":3,"minecraft:crafting_table":3,"minecraft:granite":1,"minecraft:short_grass":64,"minecraft:grass_block":118,"minecraft:tall_grass":5,"minecraft:cobblestone":7,"minecraft:sugar_cane":6,"minecraft:oxeye_daisy":1,"minecraft:magma_block":3,"minecraft:redstone_ore":4,"minecraft:iron_ore":90,"minecraft:wheat":3,"minecraft:andesite":7,"minecraft:birch_leaves":3,"minecraft:potatoes":1,"minecraft:coal_ore":33,"minecraft:oak_log":72,"minecraft:dirt_path":4,"minecraft:deepslate_iron_ore":8,"minecraft:gravel":26,"minecraft:dirt":25,"minecraft:stripped_oak_log":1,"minecraft:stone":79,"minecraft:gold_ore":2,"minecraft:oak_leaves":14,"minecraft:deepslate":2},"minecraft:picked_up":{"minecraft:stripped_oak_log":1,"minecraft:magma_block":1,"minecraft:wheat":2,"minecraft:crafting_table":3,"minecraft:chicken":1,"minecraft:andesite":7,"minecraft:leather":6,"minecraft:flint":2,"minecraft:oak_log":72,"minecraft:dirt":147,"minecraft:string":1,"minecraft:wheat_seeds":21,"minecraft:cobbled_deepslate":2,"minecraft:raw_gold":2,"minecraft:beef":7,"minecraft:iron_pickaxe":1,"minecraft:sugar_cane":15,"minecraft:oak_planks":31,"minecraft:furnace":2,"minecraft:stick":1,"minecraft:raw_iron":98,"minecraft:dandelion":3,"minecraft:gravel":22,"minecraft:white_bed":1,"minecraft:redstone":21,"minecraft:spider_eye":1,"minecraft:rotten_flesh":4,"minecraft:diamond":2,"minecraft:granite":1,"minecraft:oak_sapling":2,"minecraft:mutton":4,"minecraft:coal":33,"minecraft:white_wool":3,"minecraft:cobblestone":87,"minecraft:oxeye_daisy":1},"minecraft:custom":{"minecraft:interact_with_furnace":25,"minecraft:mob_kills":20,"minecraft:interact_with_crafting_table":16,"minecraft:leave_game":7,"minecraft:time_since_death":2152,"minecraft:sleep_in_bed":3,"minecraft:time_since_rest":2176,"minecraft:sprint_one_cm":292588,"minecraft:damage_taken":3380,"minecraft:walk_one_cm":226526,"minecraft:damage_blocked_by_shield":450,"minecraft:drop":2,"minecraft:damage_dealt":3455,"minecraft:swim_one_cm":53451,"minecraft:fly_one_cm":395426,"minecraft:open_chest":5,"minecraft:crouch_one_cm":1434,"minecraft:play_time":85055,"minecraft:deaths":11,"minecraft:sneak_time":936,"minecraft:walk_under_water_one_cm":12028,"minecraft:jump":1956,"minecraft:walk_on_water_one_cm":17371,"minecraft:total_world_time":85055,"minecraft:fall_one_cm":70418},"minecraft:broken":{"minecraft:stone_pickaxe":1},"minecraft:used":{"minecraft:wheat_seeds":20,"minecraft:cooked_mutton":3,"minecraft:water_bucket":5,"minecraft:stone_shovel":134,"minecraft:stone_pickaxe":191,"minecraft:shield":7,"minecraft:chest":1,"minecraft:wooden_pickaxe":11,"minecraft:stone_hoe":37,"minecraft:rotten_flesh":3,"minecraft:torch":44,"minecraft:dirt":147,"minecraft:crafting_table":6,"minecraft:spider_eye":1,"minecraft:white_bed":2,"minecraft:iron_axe":74,"minecraft:iron_pickaxe":49,"minecraft:stone_axe":57,"minecraft:cobblestone":48,"minecraft:beef":3,"minecraft:furnace":3,"minecraft:bucket":5,"minecraft:cooked_beef":3,"minecraft:cobbled_deepslate":2}},"DataVersion":4082}