{"stats":{"minecraft:killed":{"minecraft:slime":17,"minecraft:pillager":5,"minecraft:zombified_piglin":1,"minecraft:skeleton":115,"minecraft:iron_golem":5,"minecraft:pig":4,"minecraft:piglin_brute":2,"minecraft:witch":2,"minecraft:villager":5,"minecraft:cod":1,"minecraft:bat":1,"minecraft:wandering_trader":1,"minecraft:spider":27,"minecraft:salmon":5,"minecraft:horse":2,"minecraft:zombie":152,"minecraft:bogged":2,"minecraft:trader_llama":2,"minecraft:creeper":80,"minecraft:zombie_villager":8,"minecraft:chicken":19,"minecraft:enderman":6,"minecraft:sheep":7,"minecraft:cow":6},"minecraft:mined":{"minecraft:torch":34,"minecraft:redstone_ore":4,"minecraft:light_blue_wool":36,"minecraft:vine":1,"minecraft:nether_quartz_ore":12,"minecraft:chest":5,"minecraft:raw_copper_block":1,"minecraft:smooth_basalt":3,"minecraft:netherrack":62,"minecraft:carrots":11,"minecraft:lectern":22,"minecraft:chiseled_polished_blackstone":1,"minecraft:gravel":43,"minecraft:short_grass":354,"minecraft:amethyst_block":2,"minecraft:red_mushroom":7,"minecraft:brown_mushroom":10,"minecraft:light_blue_bed":4,"minecraft:dirt_path":5,"minecraft:cracked_polished_blackstone_bricks":2,"minecraft:crafting_table":6,"minecraft:birch_log":52,"minecraft:leaf_litter":5,"minecraft:mossy_stone_brick_slab":1,"minecraft:sweet_berry_bush":2,"minecraft:obsidian":5,"minecraft:coarse_dirt":8,"minecraft:dark_oak_planks":17,"minecraft:copper_ore":66,"minecraft:blackstone":22,"minecraft:gold_ore":3,"minecraft:iron_door":2,"minecraft:birch_leaves":26,"minecraft:andesite":19,"minecraft:oak_fence":5,"minecraft:packed_ice":7,"minecraft:deepslate_gold_ore":13,"minecraft:gold_block":4,"minecraft:dark_oak_leaves":3,"minecraft:wall_torch":9,"minecraft:fire":3,"minecraft:deepslate_diamond_ore":10,"minecraft:deepslate_iron_ore":16,"minecraft:potatoes":1,"minecraft:dripstone_block":2,"minecraft:birch_planks":12,"minecraft:iron_ore":95,"minecraft:acacia_log":4,"minecraft:stone":4322,"minecraft:beetroots":5,"minecraft:glass_pane":1,"minecraft:dark_oak_log":114,"minecraft:blue_orchid":20,"minecraft:granite":124,"minecraft:bush":11,"minecraft:glass":2,"minecraft:coal_ore":75,"minecraft:diorite":23,"minecraft:wheat":140,"minecraft:oak_planks":9,"minecraft:hay_block":4,"minecraft:cobblestone":705,"minecraft:sugar_cane":323,"minecraft:oak_trapdoor":10,"minecraft:white_bed":2,"minecraft:oak_leaves":45,"minecraft:furnace":2,"minecraft:clay":1,"minecraft:bookshelf":22,"minecraft:slime_block":8,"minecraft:tall_grass":23,"minecraft:wildflowers":12,"minecraft:pointed_dripstone":2,"minecraft:enchanting_table":1,"minecraft:polished_blackstone_bricks":1,"minecraft:mossy_stone_bricks":1,"minecraft:lily_pad":1,"minecraft:mossy_cobblestone":1,"minecraft:dirt":829,"minecraft:observer":1,"minecraft:hopper":10,"minecraft:grass_block":1043,"minecraft:cobweb":1,"minecraft:cobbled_deepslate":5,"minecraft:white_wool":4,"minecraft:nether_gold_ore":20,"minecraft:deepslate":8,"minecraft:white_banner":1,"minecraft:cobblestone_slab":12,"minecraft:seagrass":2,"minecraft:oak_log":124,"minecraft:dead_bush":1,"minecraft:lapis_ore":4,"minecraft:oak_door":1},"minecraft:used":{"minecraft:iron_axe":133,"minecraft:end_stone":159,"minecraft:end_crystal":19,"minecraft:cartography_table":3,"minecraft:white_banner":1,"minecraft:diamond_sword":34,"minecraft:potato":5,"minecraft:campfire":3,"minecraft:wheat_seeds":176,"minecraft:glow_berries":17,"minecraft:glass":93,"minecraft:jungle_planks":11,"minecraft:oak_sign":13,"minecraft:salmon":2,"minecraft:cat_spawn_egg":3,"minecraft:cooked_porkchop":7,"minecraft:granite":18,"minecraft:coarse_dirt":6,"minecraft:iron_shovel":93,"minecraft:hay_block":2,"minecraft:smithing_table":1,"minecraft:stonecutter":1,"minecraft:villager_spawn_egg":39,"minecraft:grindstone":1,"minecraft:diamond_axe":367,"minecraft:white_carpet":19,"minecraft:blackstone":1,"minecraft:beetroot_seeds":7,"minecraft:stone_pickaxe":4644,"minecraft:bow":28,"minecraft:oak_door":1,"minecraft:iron_leggings":5,"minecraft:cobbled_deepslate":109,"minecraft:netherrack":156,"minecraft:loom":1,"minecraft:yellow_bed":1,"minecraft:cod":1,"minecraft:dirt_path":13,"minecraft:stone_shovel":1905,"minecraft:rotten_flesh":163,"minecraft:bone_meal":21,"minecraft:spider_eye":3,"minecraft:dark_oak_planks":201,"minecraft:fletching_table":2,"minecraft:anvil":2,"minecraft:dirt":1678,"minecraft:cooked_salmon":3,"minecraft:obsidian":1,"minecraft:oak_leaves":12,"minecraft:iron_bars":134,"minecraft:shears":60,"minecraft:lectern":23,"minecraft:bucket":417,"minecraft:oak_planks":218,"minecraft:oak_sapling":32,"minecraft:sugar_cane":258,"minecraft:bedrock":10,"minecraft:stone_axe":685,"minecraft:oak_trapdoor":259,"minecraft:oak_fence":21,"minecraft:string":1,"minecraft:observer":40,"minecraft:netherite_sword":22,"minecraft:shield":197,"minecraft:iron_pickaxe":800,"minecraft:dark_oak_log":56,"minecraft:firework_rocket":301,"minecraft:golden_carrot":2,"minecraft:elytra":4,"minecraft:diamond_pickaxe":293,"minecraft:cooked_mutton":5,"minecraft:bookshelf":20,"minecraft:ladder":61,"minecraft:beetroot":1,"minecraft:dark_oak_fence":12,"minecraft:blast_furnace":1,"minecraft:stone_sword":96,"minecraft:piston":19,"minecraft:sweet_berries":13,"minecraft:lava_bucket":19,"minecraft:light_blue_wool":78,"minecraft:diorite":10,"minecraft:redstone":11,"minecraft:wooden_pickaxe":18,"minecraft:cobblestone":4640,"minecraft:hopper":50,"minecraft:carrot":25,"minecraft:crafting_table":18,"minecraft:birch_boat":1,"minecraft:iron_chestplate":6,"minecraft:white_bed":22,"minecraft:apple":1,"minecraft:scaffolding":158,"minecraft:smoker":1,"minecraft:stone_hoe":63,"minecraft:water_bucket":416,"minecraft:slime_block":7,"minecraft:furnace":6,"minecraft:barrel":14,"minecraft:torch":430,"minecraft:bread":26,"minecraft:iron_boots":6,"minecraft:chicken":1,"minecraft:oak_button":42,"minecraft:polished_blackstone_bricks":1,"minecraft:cobblestone_slab":195,"minecraft:dragon_egg":7,"minecraft:gravel":17,"minecraft:composter":3,"minecraft:cooked_chicken":18,"minecraft:cooked_beef":11,"minecraft:flint_and_steel":3,"minecraft:cracked_polished_blackstone_bricks":1,"minecraft:chest":81,"minecraft:iron_helmet":3,"minecraft:cauldron":1,"minecraft:enchanting_table":2,"minecraft:beef":1,"minecraft:light_blue_bed":5,"minecraft:zombie_spawn_egg":31,"minecraft:egg":24,"minecraft:ender_pearl":5},"minecraft:picked_up":{"minecraft:iron_door":2,"minecraft:light_blue_dye":1,"minecraft:sweet_berries":7,"minecraft:enchanting_table":1,"minecraft:shears":1,"minecraft:cobblestone":4905,"minecraft:mossy_stone_brick_slab":1,"minecraft:flint":4,"minecraft:sugar_cane":700,"minecraft:redstone":27,"minecraft:bone":48,"minecraft:clay_ball":4,"minecraft:firefly_bush":1,"minecraft:slime_ball":17,"minecraft:diamond":71,"minecraft:white_banner":3,"minecraft:granite":119,"minecraft:dragon_egg":1,"minecraft:dark_oak_sapling":2,"minecraft:lily_pad":3,"minecraft:sugar":2,"minecraft:book":66,"minecraft:bubble_coral":1,"minecraft:salmon":5,"minecraft:light_blue_wool":79,"minecraft:chainmail_helmet":1,"minecraft:wildflowers":36,"minecraft:gold_block":7,"minecraft:bow":3,"minecraft:smooth_basalt":3,"minecraft:stone_shovel":2,"minecraft:arrow":58,"minecraft:iron_ingot":107,"minecraft:observer":1,"minecraft:dark_oak_planks":35,"minecraft:light_blue_bed":4,"minecraft:crossbow":1,"minecraft:hay_block":4,"minecraft:raw_gold":16,"minecraft:acacia_log":4,"minecraft:firework_rocket":128,"minecraft:mutton":7,"minecraft:diamond_leggings":1,"minecraft:iron_chestplate":1,"minecraft:beetroot":5,"minecraft:polished_blackstone_bricks":1,"minecraft:dirt":2077,"minecraft:iron_shovel":3,"minecraft:torch":67,"minecraft:diamond_pickaxe":1,"minecraft:dripstone_block":2,"minecraft:bread":13,"minecraft:iron_boots":2,"minecraft:coal":88,"minecraft:oak_log":148,"minecraft:oak_fence":5,"minecraft:birch_planks":39,"minecraft:raw_copper_block":1,"minecraft:furnace":2,"minecraft:oak_door":1,"minecraft:wheat_seeds":456,"minecraft:iron_pickaxe":3,"minecraft:quartz":12,"minecraft:egg":27,"minecraft:hopper":10,"minecraft:birch_sapling":11,"minecraft:poppy":2,"minecraft:white_wool":14,"minecraft:feather":14,"minecraft:red_mushroom":6,"minecraft:oak_button":4,"minecraft:andesite":19,"minecraft:beetroot_seeds":13,"minecraft:ender_pearl":4,"minecraft:chiseled_polished_blackstone":1,"minecraft:string":35,"minecraft:golden_sword":1,"minecraft:obsidian":5,"minecraft:leather_boots":1,"minecraft:diamond_axe":1,"minecraft:soul_sand":9,"minecraft:enchanted_book":1,"minecraft:carrot":32,"minecraft:iron_block":3,"minecraft:white_bed":2,"minecraft:bucket":2,"minecraft:leather":9,"minecraft:cracked_polished_blackstone_bricks":3,"minecraft:slime_block":7,"minecraft:gold_nugget":101,"minecraft:gilded_blackstone":1,"minecraft:lead":2,"minecraft:brown_mushroom":43,"minecraft:water_bucket":2,"minecraft:stone_pickaxe":5,"minecraft:cod":1,"minecraft:gold_ingot":43,"minecraft:oak_leaves":16,"minecraft:porkchop":7,"minecraft:oak_trapdoor":6,"minecraft:stick":59,"minecraft:chicken":19,"minecraft:player_head":5,"minecraft:iron_axe":2,"minecraft:cooked_chicken":10,"minecraft:raw_iron":131,"minecraft:cobbled_deepslate":39,"minecraft:diamond_chestplate":1,"minecraft:pointed_dripstone":1,"minecraft:glowstone_dust":2,"minecraft:stone_axe":2,"minecraft:amethyst_block":2,"minecraft:nether_brick":7,"minecraft:wheat":135,"minecraft:gunpowder":21,"minecraft:chest":5,"minecraft:lectern":22,"minecraft:blue_orchid":19,"minecraft:blackstone":11,"minecraft:yellow_bed":1,"minecraft:netherrack":137,"minecraft:chainmail_leggings":2,"minecraft:coarse_dirt":8,"minecraft:gravel":50,"minecraft:leaf_litter":41,"minecraft:phantom_membrane":32,"minecraft:potato":4,"minecraft:grass_block":3,"minecraft:birch_log":45,"minecraft:shield":2,"minecraft:lapis_lazuli":32,"minecraft:spider_eye":12,"minecraft:dark_oak_log":117,"minecraft:tipped_arrow":1,"minecraft:ominous_bottle":2,"minecraft:diorite":23,"minecraft:oak_planks":189,"minecraft:golden_helmet":1,"minecraft:flint_and_steel":1,"minecraft:crafting_table":6,"minecraft:raw_copper":264,"minecraft:oak_sapling":39,"minecraft:beef":12,"minecraft:rotten_flesh":161,"minecraft:apple":2,"minecraft:cobblestone_slab":10,"minecraft:glass_bottle":1},"minecraft:killed_by":{"minecraft:piglin_brute":3,"minecraft:skeleton":15,"minecraft:player":14,"minecraft:creeper":11,"minecraft:enderman":4,"minecraft:ender_dragon":2,"minecraft:spider":4,"minecraft:piglin":1,"minecraft:iron_golem":2,"minecraft:zombie":20},"minecraft:crafted":{"minecraft:stone_sword":1,"minecraft:firework_rocket":357,"minecraft:cooked_salmon":3,"minecraft:gold_ingot":65,"minecraft:book":5,"minecraft:iron_chestplate":4,"minecraft:stick":280,"minecraft:oak_fence":18,"minecraft:cooked_porkchop":7,"minecraft:iron_helmet":4,"minecraft:diamond_axe":1,"minecraft:iron_block":3,"minecraft:diamond_pickaxe":1,"minecraft:chest":17,"minecraft:bookshelf":13,"minecraft:bow":1,"minecraft:acacia_planks":16,"minecraft:elytra":3,"minecraft:bucket":3,"minecraft:flint_and_steel":2,"minecraft:bone_meal":21,"minecraft:light_blue_bed":1,"minecraft:dark_oak_planks":244,"minecraft:stone_hoe":2,"minecraft:cobblestone_slab":258,"minecraft:oak_trapdoor":100,"minecraft:slime_block":1,"minecraft:oak_planks":592,"minecraft:gold_nugget":72,"minecraft:enchanting_table":1,"minecraft:iron_shovel":1,"minecraft:shears":1,"minecraft:stone_shovel":21,"minecraft:cooked_chicken":20,"minecraft:birch_planks":180,"minecraft:hopper":5,"minecraft:stone_pickaxe":37,"minecraft:cooked_mutton":5,"minecraft:iron_boots":3,"minecraft:anvil":1,"minecraft:wooden_pickaxe":1,"minecraft:cooked_beef":11,"minecraft:light_blue_dye":19,"minecraft:golden_carrot":8,"minecraft:diamond_sword":1,"minecraft:emerald":12,"minecraft:wheat":18,"minecraft:paper":429,"minecraft:furnace":4,"minecraft:birch_boat":1,"minecraft:iron_ingot":121,"minecraft:golden_boots":2,"minecraft:light_blue_wool":4,"minecraft:diamond_helmet":1,"minecraft:bread":25,"minecraft:crafting_table":14,"minecraft:torch":268,"minecraft:white_bed":3,"minecraft:shield":4,"minecraft:stone_axe":9,"minecraft:dark_oak_fence":21,"minecraft:observer":5,"minecraft:iron_pickaxe":4,"minecraft:iron_axe":1,"minecraft:iron_leggings":4,"minecraft:golden_apple":1,"minecraft:piston":5},"minecraft:dropped":{"minecraft:lily_pad":0,"minecraft:iron_axe":2,"minecraft:sugar":1,"minecraft:iron_shovel":1,"minecraft:andesite":12,"minecraft:oak_leaves":2,"minecraft:nether_brick":0,"minecraft:cracked_polished_blackstone_bricks":1,"minecraft:gravel":12,"minecraft:cobbled_deepslate":20,"minecraft:bone":2,"minecraft:light_blue_dye":7,"minecraft:egg":1,"minecraft:sugar_cane":5,"minecraft:wheat_seeds":28,"minecraft:iron_ingot":2,"minecraft:cobblestone_slab":65,"minecraft:flint_and_steel":1,"minecraft:blackstone":10,"minecraft:enchanted_book":2,"minecraft:beetroot":1,"minecraft:paper":0,"minecraft:stone_pickaxe":6,"minecraft:shield":1,"minecraft:oak_sapling":3,"minecraft:soul_sand":3,"minecraft:cooked_chicken":12,"minecraft:player_head":0,"minecraft:diamond_pickaxe":0,"minecraft:hopper":1,"minecraft:string":6,"minecraft:clay_ball":4,"minecraft:stick":11,"minecraft:acacia_planks":8,"minecraft:phantom_membrane":0,"minecraft:arrow":15,"minecraft:bread":11,"minecraft:spider_eye":6,"minecraft:gold_ingot":40,"minecraft:smooth_basalt":1,"minecraft:stone_axe":2,"minecraft:iron_boots":0,"minecraft:iron_pickaxe":1,"minecraft:bone_block":6,"minecraft:diorite":11,"minecraft:golden_apple":1,"minecraft:tipped_arrow":1,"minecraft:rotten_flesh":25,"minecraft:stone_shovel":9,"minecraft:cobblestone":250,"minecraft:iron_chestplate":1,"minecraft:stone_sword":0,"minecraft:torch":6,"minecraft:birch_planks":27,"minecraft:bow":1,"minecraft:red_mushroom":6,"minecraft:diamond_axe":1,"minecraft:bucket":4,"minecraft:white_wool":1,"minecraft:dirt":226,"minecraft:firework_rocket":80,"minecraft:leather":5,"minecraft:chiseled_polished_blackstone":1,"minecraft:raw_copper":66,"minecraft:gold_block":2,"minecraft:quartz":0,"minecraft:resin_clump":0,"minecraft:granite":53,"minecraft:dripstone_block":1,"minecraft:chest":0,"minecraft:oak_fence":2,"minecraft:shears":1,"minecraft:diamond":1,"minecraft:feather":6,"minecraft:glass_bottle":1,"minecraft:birch_sapling":11,"minecraft:brown_mushroom":30,"minecraft:water_bucket":1,"minecraft:iron_block":0,"minecraft:stone_hoe":0,"minecraft:leaf_litter":41,"minecraft:chicken":2,"minecraft:flint":1,"minecraft:oak_trapdoor":0,"minecraft:gold_nugget":29,"minecraft:crafting_table":1,"minecraft:lapis_lazuli":14,"minecraft:dark_oak_planks":41,"minecraft:elytra":0,"minecraft:netherrack":6,"minecraft:flowering_azalea":1,"minecraft:bubble_coral":1,"minecraft:slime_block":1},"minecraft:broken":{"minecraft:iron_helmet":1,"minecraft:stone_shovel":9,"minecraft:iron_axe":1,"minecraft:shield":1,"minecraft:iron_leggings":1,"minecraft:golden_boots":1,"minecraft:stone_axe":5,"minecraft:iron_pickaxe":3,"minecraft:stone_pickaxe":32},"minecraft:custom":{"minecraft:eat_cake_slice":1,"minecraft:time_since_rest":202,"minecraft:talked_to_villager":90,"minecraft:leave_game":42,"minecraft:damage_taken":55083,"minecraft:mob_kills":488,"minecraft:boat_one_cm":40749,"minecraft:time_since_death":171,"minecraft:aviate_one_cm":3372605,"minecraft:open_enderchest":1,"minecraft:interact_with_furnace":81,"minecraft:interact_with_smithing_table":1,"minecraft:sleep_in_bed":71,"minecraft:swim_one_cm":306974,"minecraft:total_world_time":1529620,"minecraft:crouch_one_cm":95342,"minecraft:climb_one_cm":32472,"minecraft:deaths":150,"minecraft:player_kills":2,"minecraft:enchant_item":12,"minecraft:animals_bred":24,"minecraft:traded_with_villager":14,"minecraft:damage_blocked_by_shield":12318,"minecraft:interact_with_crafting_table":215,"minecraft:walk_one_cm":3889185,"minecraft:walk_under_water_one_cm":203853,"minecraft:damage_dealt":49536,"minecraft:play_time":1529620,"minecraft:jump":16865,"minecraft:drop":417,"minecraft:interact_with_cartography_table":1,"minecraft:open_barrel":43,"minecraft:sprint_one_cm":3240961,"minecraft:open_chest":493,"minecraft:inspect_hopper":24,"minecraft:fall_one_cm":694340,"minecraft:fly_one_cm":3752626,"minecraft:interact_with_anvil":8,"minecraft:walk_on_water_one_cm":182613,"minecraft:sneak_time":40728,"minecraft:interact_with_blast_furnace":8,"minecraft:interact_with_grindstone":10}},"DataVersion":4325}