{"stats":{"minecraft:dropped":{"minecraft:bread":12,"minecraft:baked_potato":19,"minecraft:stick":4,"minecraft:oxeye_daisy":1,"minecraft:dirt":7,"minecraft:iron_pickaxe":1,"minecraft:paper":2,"minecraft:iron_shovel":1,"minecraft:bone":1,"minecraft:furnace":1,"minecraft:oak_trapdoor":1,"minecraft:oak_planks":29,"minecraft:carrot":16,"minecraft:beetroot_seeds":1,"minecraft:arrow":2},"minecraft:killed_by":{"minecraft:creeper":2,"minecraft:spider":1,"minecraft:drowned":1,"minecraft:skeleton":3,"minecraft:zombie":7},"minecraft:killed":{"minecraft:spider":1,"minecraft:horse":2,"minecraft:skeleton":3,"minecraft:chicken":1,"minecraft:pig":4,"minecraft:creeper":1,"minecraft:sheep":7,"minecraft:zombie":19,"minecraft:cow":5},"minecraft:crafted":{"minecraft:oak_planks":256,"minecraft:stone_shovel":1,"minecraft:furnace":3,"minecraft:cooked_mutton":4,"minecraft:oak_trapdoor":8,"minecraft:hopper":6,"minecraft:iron_boots":1,"minecraft:iron_axe":1,"minecraft:stone_pickaxe":10,"minecraft:chest":8,"minecraft:stone_hoe":1,"minecraft:smoker":1,"minecraft:cooked_beef":3,"minecraft:wooden_shovel":1,"minecraft:crafting_table":6,"minecraft:iron_helmet":1,"minecraft:wooden_pickaxe":1,"minecraft:baked_potato":11,"minecraft:fletching_table":1,"minecraft:bucket":1,"minecraft:stone_axe":1,"minecraft:bread":8,"minecraft:cartography_table":1,"minecraft:oak_boat":1,"minecraft:iron_chestplate":1,"minecraft:paper":3,"minecraft:charcoal":9,"minecraft:shield":1,"minecraft:stick":60,"minecraft:iron_ingot":68,"minecraft:iron_pickaxe":1,"minecraft:iron_leggings":1,"minecraft:white_bed":1,"minecraft:torch":60},"minecraft:mined":{"minecraft:white_bed":1,"minecraft:deepslate_diamond_ore":2,"minecraft:granite":1,"minecraft:grass_block":135,"minecraft:yellow_carpet":1,"minecraft:cartography_table":2,"minecraft:oxeye_daisy":1,"minecraft:redstone_ore":4,"minecraft:magma_block":3,"minecraft:oak_trapdoor":8,"minecraft:carrots":10,"minecraft:iron_ore":90,"minecraft:fire":5,"minecraft:andesite":7,"minecraft:potatoes":4,"minecraft:dirt_path":4,"minecraft:deepslate_iron_ore":8,"minecraft:stripped_oak_log":1,"minecraft:stone":83,"minecraft:dandelion":3,"minecraft:crafting_table":4,"minecraft:short_grass":101,"minecraft:blast_furnace":1,"minecraft:tall_grass":9,"minecraft:cobblestone":664,"minecraft:sugar_cane":12,"minecraft:wheat":36,"minecraft:white_carpet":1,"minecraft:birch_leaves":3,"minecraft:oak_log":76,"minecraft:coal_ore":33,"minecraft:beetroots":1,"minecraft:gravel":26,"minecraft:sand":1,"minecraft:dirt":33,"minecraft:gold_ore":2,"minecraft:oak_leaves":14,"minecraft:deepslate":2},"minecraft:picked_up":{"minecraft:crafting_table":4,"minecraft:wheat":31,"minecraft:chicken":1,"minecraft:string":1,"minecraft:oak_trapdoor":8,"minecraft:iron_shovel":1,"minecraft:beetroot":1,"minecraft:cartography_table":2,"minecraft:cobbled_deepslate":2,"minecraft:beef":7,"minecraft:oak_boat":1,"minecraft:iron_pickaxe":1,"minecraft:sugar_cane":29,"minecraft:furnace":2,"minecraft:raw_iron":98,"minecraft:stick":5,"minecraft:porkchop":6,"minecraft:carrot":30,"minecraft:redstone":21,"minecraft:arrow":2,"minecraft:rotten_flesh":19,"minecraft:beetroot_seeds":2,"minecraft:mutton":12,"minecraft:white_wool":7,"minecraft:cobblestone":101,"minecraft:oxeye_daisy":2,"minecraft:stripped_oak_log":1,"minecraft:magma_block":1,"minecraft:andesite":7,"minecraft:leather":6,"minecraft:potato":12,"minecraft:flint":2,"minecraft:oak_log":76,"minecraft:dirt":169,"minecraft:paper":1,"minecraft:bone":1,"minecraft:wheat_seeds":84,"minecraft:raw_gold":2,"minecraft:oak_planks":55,"minecraft:dandelion":3,"minecraft:gravel":22,"minecraft:blast_furnace":1,"minecraft:white_bed":1,"minecraft:spider_eye":1,"minecraft:diamond":2,"minecraft:granite":1,"minecraft:baked_potato":19,"minecraft:oak_sapling":2,"minecraft:coal":33},"minecraft:broken":{"minecraft:stone_pickaxe":6,"minecraft:stone_shovel":1},"minecraft:custom":{"minecraft:mob_kills":44,"minecraft:inspect_hopper":1,"minecraft:interact_with_crafting_table":37,"minecraft:leave_game":7,"minecraft:time_since_death":6412,"minecraft:sprint_one_cm":477618,"minecraft:walk_one_cm":394379,"minecraft:damage_blocked_by_shield":780,"minecraft:drop":62,"minecraft:talked_to_villager":4,"minecraft:play_time":169029,"minecraft:deaths":17,"minecraft:sneak_time":2581,"minecraft:walk_under_water_one_cm":19460,"minecraft:boat_one_cm":1189,"minecraft:jump":3206,"minecraft:walk_on_water_one_cm":21220,"minecraft:total_world_time":169029,"minecraft:interact_with_furnace":29,"minecraft:interact_with_cartography_table":1,"minecraft:sleep_in_bed":5,"minecraft:time_since_rest":6452,"minecraft:damage_taken":5199,"minecraft:damage_dealt":7650,"minecraft:swim_one_cm":94440,"minecraft:fly_one_cm":664251,"minecraft:open_chest":29,"minecraft:crouch_one_cm":4743,"minecraft:fall_one_cm":105883},"minecraft:used":{"minecraft:oak_trapdoor":15,"minecraft:iron_shovel":1,"minecraft:stone_shovel":135,"minecraft:chest":2,"minecraft:shield":12,"minecraft:stone_hoe":66,"minecraft:rotten_flesh":12,"minecraft:torch":44,"minecraft:dirt":162,"minecraft:hopper":1,"minecraft:carrot":14,"minecraft:lava_bucket":4,"minecraft:iron_axe":171,"minecraft:beef":3,"minecraft:furnace":3,"minecraft:beetroot_seeds":1,"minecraft:cooked_beef":3,"minecraft:potato":1,"minecraft:cobbled_deepslate":2,"minecraft:wheat_seeds":83,"minecraft:cooked_mutton":4,"minecraft:water_bucket":25,"minecraft:stone_pickaxe":858,"minecraft:cartography_table":2,"minecraft:baked_potato":6,"minecraft:oak_planks":9,"minecraft:wooden_pickaxe":11,"minecraft:fletching_table":1,"minecraft:crafting_table":10,"minecraft:blast_furnace":1,"minecraft:spider_eye":1,"minecraft:white_bed":2,"minecraft:smoker":1,"minecraft:iron_pickaxe":58,"minecraft:stone_axe":57,"minecraft:cobblestone":52,"minecraft:porkchop":2,"minecraft:bucket":29,"minecraft:oak_boat":1}},"DataVersion":4082}