{"stats":{"minecraft:dropped":{"minecraft:furnace":1,"minecraft:iron_pickaxe":1},"minecraft:killed":{"minecraft:skeleton":1,"minecraft:sheep":3,"minecraft:zombie":7,"minecraft:cow":5},"minecraft:killed_by":{"minecraft:creeper":1,"minecraft:zombie":3},"minecraft:crafted":{"minecraft:cooked_beef":3,"minecraft:oak_planks":208,"minecraft:crafting_table":3,"minecraft:wooden_pickaxe":1,"minecraft:furnace":2,"minecraft:bucket":1,"minecraft:stone_axe":1,"minecraft:hopper":6,"minecraft:charcoal":9,"minecraft:shield":1,"minecraft:iron_axe":1,"minecraft:stick":36,"minecraft:iron_ingot":60,"minecraft:iron_pickaxe":1,"minecraft:stone_pickaxe":2,"minecraft:chest":7,"minecraft:white_bed":1,"minecraft:torch":60},"minecraft:mined":{"minecraft:white_bed":1,"minecraft:deepslate_diamond_ore":2,"minecraft:crafting_table":3,"minecraft:granite":1,"minecraft:short_grass":2,"minecraft:grass_block":5,"minecraft:cobblestone":7,"minecraft:sugar_cane":6,"minecraft:redstone_ore":4,"minecraft:iron_ore":90,"minecraft:andesite":7,"minecraft:birch_leaves":3,"minecraft:coal_ore":33,"minecraft:oak_log":61,"minecraft:dirt_path":1,"minecraft:deepslate_iron_ore":8,"minecraft:gravel":10,"minecraft:dirt":5,"minecraft:stripped_oak_log":1,"minecraft:stone":69,"minecraft:gold_ore":2,"minecraft:oak_leaves":14,"minecraft:deepslate":2},"minecraft:picked_up":{"minecraft:stripped_oak_log":1,"minecraft:crafting_table":3,"minecraft:andesite":7,"minecraft:leather":6,"minecraft:oak_log":61,"minecraft:dirt":12,"minecraft:string":1,"minecraft:wheat_seeds":1,"minecraft:cobbled_deepslate":2,"minecraft:raw_gold":2,"minecraft:beef":7,"minecraft:iron_pickaxe":1,"minecraft:sugar_cane":15,"minecraft:oak_planks":31,"minecraft:furnace":2,"minecraft:stick":1,"minecraft:raw_iron":98,"minecraft:gravel":10,"minecraft:white_bed":1,"minecraft:redstone":21,"minecraft:spider_eye":1,"minecraft:rotten_flesh":4,"minecraft:diamond":2,"minecraft:granite":1,"minecraft:oak_sapling":2,"minecraft:mutton":4,"minecraft:coal":33,"minecraft:white_wool":3,"minecraft:cobblestone":77},"minecraft:custom":{"minecraft:interact_with_furnace":16,"minecraft:mob_kills":17,"minecraft:interact_with_crafting_table":13,"minecraft:leave_game":6,"minecraft:time_since_death":15705,"minecraft:sleep_in_bed":1,"minecraft:time_since_rest":10868,"minecraft:sprint_one_cm":212226,"minecraft:damage_taken":1445,"minecraft:walk_one_cm":165134,"minecraft:drop":2,"minecraft:damage_dealt":2994,"minecraft:swim_one_cm":42198,"minecraft:fly_one_cm":197821,"minecraft:open_chest":1,"minecraft:crouch_one_cm":1035,"minecraft:play_time":60494,"minecraft:deaths":4,"minecraft:sneak_time":535,"minecraft:walk_under_water_one_cm":6412,"minecraft:jump":1235,"minecraft:walk_on_water_one_cm":12406,"minecraft:total_world_time":60494,"minecraft:fall_one_cm":32325},"minecraft:broken":{"minecraft:stone_pickaxe":1},"minecraft:used":{"minecraft:stone_pickaxe":181,"minecraft:chest":1,"minecraft:wooden_pickaxe":11,"minecraft:rotten_flesh":3,"minecraft:torch":44,"minecraft:dirt":12,"minecraft:crafting_table":6,"minecraft:spider_eye":1,"minecraft:white_bed":2,"minecraft:iron_axe":55,"minecraft:iron_pickaxe":46,"minecraft:stone_axe":57,"minecraft:cobblestone":48,"minecraft:beef":3,"minecraft:furnace":3,"minecraft:cooked_beef":3,"minecraft:cobbled_deepslate":2}},"DataVersion":4082}