{"stats":{"minecraft:killed":{"minecraft:skeleton":1,"minecraft:zombie":3,"minecraft:cow":3},"minecraft:used":{"minecraft:stone_pickaxe":53,"minecraft:wooden_pickaxe":11,"minecraft:rotten_flesh":1,"minecraft:stone_axe":38,"minecraft:torch":6,"minecraft:dirt":7,"minecraft:beef":1,"minecraft:crafting_table":3,"minecraft:furnace":1,"minecraft:cooked_beef":2},"minecraft:custom":{"minecraft:time_since_rest":2710,"minecraft:interact_with_furnace":4,"minecraft:sprint_one_cm":62395,"minecraft:damage_taken":454,"minecraft:walk_one_cm":62873,"minecraft:mob_kills":8,"minecraft:damage_dealt":1173,"minecraft:swim_one_cm":6005,"minecraft:interact_with_crafting_table":4,"minecraft:fly_one_cm":49284,"minecraft:crouch_one_cm":344,"minecraft:play_time":19299,"minecraft:deaths":1,"minecraft:sneak_time":175,"minecraft:walk_under_water_one_cm":481,"minecraft:jump":325,"minecraft:leave_game":4,"minecraft:walk_on_water_one_cm":794,"minecraft:time_since_death":2680,"minecraft:total_world_time":19299,"minecraft:fall_one_cm":9376},"minecraft:crafted":{"minecraft:cooked_beef":2,"minecraft:oak_planks":92,"minecraft:charcoal":2,"minecraft:crafting_table":1,"minecraft:stick":20,"minecraft:wooden_pickaxe":1,"minecraft:stone_pickaxe":1,"minecraft:furnace":1,"minecraft:torch":28,"minecraft:stone_axe":1},"minecraft:mined":{"minecraft:birch_leaves":2,"minecraft:crafting_table":2,"minecraft:short_grass":1,"minecraft:coal_ore":6,"minecraft:grass_block":4,"minecraft:oak_log":28,"minecraft:dirt":5,"minecraft:stone":51,"minecraft:sugar_cane":6,"minecraft:oak_leaves":4},"minecraft:killed_by":{"minecraft:zombie":1},"minecraft:picked_up":{"minecraft:stick":1,"minecraft:crafting_table":2,"minecraft:leather":4,"minecraft:oak_log":28,"minecraft:string":1,"minecraft:spider_eye":1,"minecraft:dirt":9,"minecraft:rotten_flesh":1,"minecraft:wheat_seeds":1,"minecraft:beef":5,"minecraft:oak_sapling":1,"minecraft:sugar_cane":15,"minecraft:oak_planks":31,"minecraft:coal":6,"minecraft:cobblestone":51,"minecraft:furnace":1}},"DataVersion":4082}