{"stats":{"minecraft:dropped":{"minecraft:furnace":1,"minecraft:iron_pickaxe":1},"minecraft:killed_by":{"minecraft:skeleton":3,"minecraft:creeper":2,"minecraft:zombie":5},"minecraft:killed":{"minecraft:pig":4,"minecraft:horse":2,"minecraft:skeleton":2,"minecraft:sheep":7,"minecraft:zombie":10,"minecraft:chicken":1,"minecraft:cow":5},"minecraft:crafted":{"minecraft:cooked_beef":3,"minecraft:oak_planks":212,"minecraft:stone_shovel":1,"minecraft:crafting_table":3,"minecraft:wooden_pickaxe":1,"minecraft:iron_helmet":1,"minecraft:furnace":2,"minecraft:bucket":1,"minecraft:stone_axe":1,"minecraft:cooked_mutton":4,"minecraft:oak_trapdoor":6,"minecraft:hopper":6,"minecraft:iron_chestplate":1,"minecraft:iron_boots":1,"minecraft:charcoal":9,"minecraft:shield":1,"minecraft:iron_axe":1,"minecraft:stick":44,"minecraft:iron_ingot":68,"minecraft:iron_pickaxe":1,"minecraft:stone_pickaxe":2,"minecraft:chest":7,"minecraft:iron_leggings":1,"minecraft:white_bed":1,"minecraft:torch":60,"minecraft:stone_hoe":1},"minecraft:mined":{"minecraft:white_bed":1,"minecraft:deepslate_diamond_ore":2,"minecraft:dandelion":3,"minecraft:crafting_table":3,"minecraft:granite":1,"minecraft:short_grass":77,"minecraft:grass_block":118,"minecraft:tall_grass":7,"minecraft:cobblestone":7,"minecraft:sugar_cane":6,"minecraft:oxeye_daisy":1,"minecraft:magma_block":3,"minecraft:redstone_ore":4,"minecraft:oak_trapdoor":4,"minecraft:iron_ore":90,"minecraft:wheat":3,"minecraft:andesite":7,"minecraft:birch_leaves":3,"minecraft:coal_ore":33,"minecraft:potatoes":1,"minecraft:oak_log":72,"minecraft:deepslate_iron_ore":8,"minecraft:dirt_path":4,"minecraft:gravel":26,"minecraft:dirt":25,"minecraft:stripped_oak_log":1,"minecraft:stone":79,"minecraft:gold_ore":2,"minecraft:oak_leaves":14,"minecraft:deepslate":2},"minecraft:picked_up":{"minecraft:stripped_oak_log":1,"minecraft:crafting_table":3,"minecraft:magma_block":1,"minecraft:wheat":2,"minecraft:chicken":1,"minecraft:andesite":7,"minecraft:leather":6,"minecraft:flint":2,"minecraft:oak_log":72,"minecraft:oak_trapdoor":4,"minecraft:string":1,"minecraft:dirt":147,"minecraft:iron_shovel":1,"minecraft:bone":1,"minecraft:wheat_seeds":22,"minecraft:cobbled_deepslate":2,"minecraft:raw_gold":2,"minecraft:beef":7,"minecraft:iron_pickaxe":1,"minecraft:sugar_cane":15,"minecraft:oak_planks":31,"minecraft:furnace":2,"minecraft:stick":1,"minecraft:raw_iron":98,"minecraft:dandelion":3,"minecraft:gravel":22,"minecraft:porkchop":6,"minecraft:white_bed":1,"minecraft:redstone":21,"minecraft:spider_eye":1,"minecraft:arrow":1,"minecraft:rotten_flesh":7,"minecraft:diamond":2,"minecraft:granite":1,"minecraft:oak_sapling":2,"minecraft:mutton":12,"minecraft:coal":33,"minecraft:white_wool":7,"minecraft:cobblestone":87,"minecraft:oxeye_daisy":1},"minecraft:custom":{"minecraft:interact_with_furnace":25,"minecraft:mob_kills":32,"minecraft:interact_with_crafting_table":18,"minecraft:leave_game":7,"minecraft:time_since_death":826,"minecraft:sleep_in_bed":4,"minecraft:time_since_rest":861,"minecraft:sprint_one_cm":322033,"minecraft:damage_taken":3857,"minecraft:walk_one_cm":244575,"minecraft:damage_blocked_by_shield":630,"minecraft:drop":2,"minecraft:damage_dealt":5332,"minecraft:swim_one_cm":54267,"minecraft:fly_one_cm":433558,"minecraft:open_chest":6,"minecraft:crouch_one_cm":1698,"minecraft:play_time":91029,"minecraft:deaths":13,"minecraft:sneak_time":1089,"minecraft:walk_under_water_one_cm":12203,"minecraft:jump":2128,"minecraft:walk_on_water_one_cm":18034,"minecraft:total_world_time":91029,"minecraft:fall_one_cm":76107},"minecraft:broken":{"minecraft:stone_pickaxe":1,"minecraft:stone_shovel":1},"minecraft:used":{"minecraft:cooked_mutton":4,"minecraft:wheat_seeds":20,"minecraft:water_bucket":5,"minecraft:stone_shovel":135,"minecraft:stone_pickaxe":191,"minecraft:wooden_pickaxe":11,"minecraft:chest":1,"minecraft:shield":10,"minecraft:stone_hoe":38,"minecraft:rotten_flesh":3,"minecraft:torch":44,"minecraft:dirt":147,"minecraft:crafting_table":6,"minecraft:spider_eye":1,"minecraft:white_bed":2,"minecraft:iron_axe":105,"minecraft:iron_pickaxe":51,"minecraft:stone_axe":57,"minecraft:cobblestone":48,"minecraft:beef":3,"minecraft:furnace":3,"minecraft:bucket":6,"minecraft:cooked_beef":3,"minecraft:cobbled_deepslate":2,"minecraft:oak_trapdoor":8}},"DataVersion":4082}