{"stats":{"minecraft:custom":{"minecraft:interact_with_furnace":4,"minecraft:mob_kills":65,"minecraft:interact_with_crafting_table":7,"minecraft:time_since_death":47949,"minecraft:sleep_in_bed":4,"minecraft:climb_one_cm":1554,"minecraft:time_since_rest":7396,"minecraft:sprint_one_cm":205421,"minecraft:damage_taken":260,"minecraft:walk_one_cm":67046,"minecraft:drop":11,"minecraft:damage_dealt":7794,"minecraft:swim_one_cm":9447,"minecraft:fly_one_cm":382834,"minecraft:open_chest":7,"minecraft:crouch_one_cm":2321,"minecraft:play_time":47949,"minecraft:sneak_time":1507,"minecraft:walk_under_water_one_cm":682,"minecraft:boat_one_cm":52562,"minecraft:jump":1797,"minecraft:walk_on_water_one_cm":12990,"minecraft:total_world_time":47949,"minecraft:fall_one_cm":45293},"minecraft:dropped":{"minecraft:gravel":6,"minecraft:sugar_cane":17,"minecraft:orange_tulip":2,"minecraft:poppy":2,"minecraft:potato":8,"minecraft:stone_pickaxe":1},"minecraft:picked_up":{"minecraft:crafting_table":4,"minecraft:lilac":1,"minecraft:andesite":2,"minecraft:leather":43,"minecraft:oak_log":15,"minecraft:wheat_seeds":4,"minecraft:orange_tulip":2,"minecraft:iron_ingot":6,"minecraft:beef":58,"minecraft:stone_pickaxe":1,"minecraft:oak_boat":2,"minecraft:rose_bush":1,"minecraft:poppy":2,"minecraft:light_gray_wool":1,"minecraft:sugar_cane":81,"minecraft:oak_planks":2,"minecraft:furnace":1,"minecraft:book":48,"minecraft:raw_iron":5,"minecraft:torch":8,"minecraft:gravel":6,"minecraft:porkchop":3,"minecraft:white_bed":4,"minecraft:cauldron":4,"minecraft:hay_block":64,"minecraft:black_wool":1,"minecraft:mutton":41,"minecraft:coal":73,"minecraft:white_wool":28,"minecraft:cobblestone":45},"minecraft:killed":{"minecraft:pig":1,"minecraft:iron_golem":2,"minecraft:sheep":30,"minecraft:cow":32},"minecraft:mined":{"minecraft:white_bed":4,"minecraft:crafting_table":4,"minecraft:torch":4,"minecraft:short_grass":32,"minecraft:rose_bush":1,"minecraft:tall_grass":8,"minecraft:oak_planks":2,"minecraft:sugar_cane":45,"minecraft:wall_torch":4,"minecraft:hay_block":64,"minecraft:furnace":1,"minecraft:iron_ore":5,"minecraft:lilac":1,"minecraft:andesite":2,"minecraft:orange_tulip":2,"minecraft:bookshelf":16,"minecraft:coal_ore":67,"minecraft:oak_log":16,"minecraft:water_cauldron":4,"minecraft:gravel":3,"minecraft:stone":48,"minecraft:oak_leaves":1},"minecraft:used":{"minecraft:stone_pickaxe":36,"minecraft:oak_planks":16,"minecraft:wooden_pickaxe":36,"minecraft:iron_sword":159,"minecraft:torch":7,"minecraft:crafting_table":4,"minecraft:white_bed":4,"minecraft:oak_log":1,"minecraft:iron_axe":25,"minecraft:bread":8,"minecraft:iron_pickaxe":63,"minecraft:beef":12,"minecraft:furnace":1,"minecraft:cooked_porkchop":3,"minecraft:oak_boat":2},"minecraft:crafted":{"minecraft:oak_planks":38,"minecraft:cooked_porkchop":3,"minecraft:crafting_table":1,"minecraft:wooden_pickaxe":1,"minecraft:iron_sword":1,"minecraft:furnace":1,"minecraft:oak_boat":1,"minecraft:iron_axe":1,"minecraft:stick":12,"minecraft:iron_ingot":5,"minecraft:iron_pickaxe":1,"minecraft:stone_pickaxe":1,"minecraft:white_bed":1,"minecraft:torch":12}},"DataVersion":4082}