{"stats":{"minecraft:mined":{"minecraft:hay_block":34,"minecraft:white_bed":3,"minecraft:furnace":1,"minecraft:iron_ore":5,"minecraft:lilac":1,"minecraft:orange_tulip":2,"minecraft:crafting_table":3,"minecraft:short_grass":22,"minecraft:oak_log":11,"minecraft:coal_ore":66,"minecraft:water_cauldron":4,"minecraft:rose_bush":1,"minecraft:gravel":3,"minecraft:tall_grass":7,"minecraft:stone":48,"minecraft:sugar_cane":31,"minecraft:oak_leaves":1},"minecraft:dropped":{"minecraft:gravel":6,"minecraft:orange_tulip":2,"minecraft:stone_pickaxe":1},"minecraft:used":{"minecraft:oak_log":1,"minecraft:bread":2,"minecraft:oak_planks":6,"minecraft:stone_pickaxe":36,"minecraft:iron_pickaxe":56,"minecraft:wooden_pickaxe":36,"minecraft:iron_sword":123,"minecraft:beef":9,"minecraft:crafting_table":3,"minecraft:furnace":1,"minecraft:cooked_porkchop":3,"minecraft:white_bed":3},"minecraft:killed":{"minecraft:sheep":26,"minecraft:pig":1,"minecraft:iron_golem":1,"minecraft:cow":30},"minecraft:picked_up":{"minecraft:crafting_table":3,"minecraft:raw_iron":5,"minecraft:lilac":1,"minecraft:leather":40,"minecraft:gravel":6,"minecraft:porkchop":3,"minecraft:oak_log":11,"minecraft:white_bed":3,"minecraft:cauldron":4,"minecraft:orange_tulip":2,"minecraft:wheat_seeds":1,"minecraft:hay_block":34,"minecraft:iron_ingot":3,"minecraft:beef":56,"minecraft:stone_pickaxe":1,"minecraft:rose_bush":1,"minecraft:light_gray_wool":1,"minecraft:black_wool":1,"minecraft:sugar_cane":54,"minecraft:mutton":36,"minecraft:coal":72,"minecraft:white_wool":24,"minecraft:cobblestone":45,"minecraft:furnace":1},"minecraft:custom":{"minecraft:time_since_rest":1902,"minecraft:interact_with_furnace":4,"minecraft:sprint_one_cm":113966,"minecraft:damage_taken":190,"minecraft:walk_one_cm":49691,"minecraft:mob_kills":58,"minecraft:drop":8,"minecraft:damage_dealt":6274,"minecraft:swim_one_cm":9447,"minecraft:interact_with_crafting_table":6,"minecraft:fly_one_cm":215454,"minecraft:open_chest":4,"minecraft:crouch_one_cm":2255,"minecraft:play_time":29966,"minecraft:sneak_time":1484,"minecraft:walk_under_water_one_cm":682,"minecraft:jump":1106,"minecraft:walk_on_water_one_cm":9288,"minecraft:time_since_death":29966,"minecraft:climb_one_cm":1349,"minecraft:sleep_in_bed":3,"minecraft:total_world_time":29966,"minecraft:fall_one_cm":27282},"minecraft:crafted":{"minecraft:oak_planks":38,"minecraft:cooked_porkchop":3,"minecraft:crafting_table":1,"minecraft:stick":12,"minecraft:wooden_pickaxe":1,"minecraft:iron_ingot":5,"minecraft:iron_pickaxe":1,"minecraft:stone_pickaxe":1,"minecraft:iron_sword":1,"minecraft:furnace":1,"minecraft:white_bed":1}},"DataVersion":4082}