{"stats":{"minecraft:mined":{"minecraft:white_bed":1,"minecraft:furnace":1,"minecraft:iron_ore":5,"minecraft:crafting_table":3,"minecraft:short_grass":6,"minecraft:oak_log":11,"minecraft:coal_ore":49,"minecraft:gravel":3,"minecraft:stone":48,"minecraft:sugar_cane":11,"minecraft:oak_leaves":1},"minecraft:dropped":{"minecraft:gravel":6,"minecraft:stone_pickaxe":1},"minecraft:used":{"minecraft:oak_log":1,"minecraft:oak_planks":3,"minecraft:stone_pickaxe":36,"minecraft:iron_pickaxe":32,"minecraft:wooden_pickaxe":36,"minecraft:iron_sword":38,"minecraft:beef":3,"minecraft:crafting_table":3,"minecraft:furnace":1,"minecraft:cooked_porkchop":3,"minecraft:white_bed":1},"minecraft:killed":{"minecraft:sheep":16,"minecraft:pig":1,"minecraft:cow":8},"minecraft:picked_up":{"minecraft:crafting_table":3,"minecraft:raw_iron":5,"minecraft:leather":14,"minecraft:gravel":6,"minecraft:porkchop":3,"minecraft:oak_log":11,"minecraft:white_bed":1,"minecraft:wheat_seeds":1,"minecraft:beef":15,"minecraft:stone_pickaxe":1,"minecraft:light_gray_wool":1,"minecraft:black_wool":1,"minecraft:sugar_cane":15,"minecraft:mutton":23,"minecraft:coal":55,"minecraft:white_wool":14,"minecraft:cobblestone":45,"minecraft:furnace":1},"minecraft:custom":{"minecraft:time_since_rest":3044,"minecraft:interact_with_furnace":4,"minecraft:sprint_one_cm":59779,"minecraft:damage_taken":100,"minecraft:walk_one_cm":32575,"minecraft:mob_kills":25,"minecraft:drop":7,"minecraft:damage_dealt":2274,"minecraft:swim_one_cm":9447,"minecraft:interact_with_crafting_table":6,"minecraft:fly_one_cm":117467,"minecraft:open_chest":1,"minecraft:crouch_one_cm":1727,"minecraft:play_time":17966,"minecraft:sneak_time":1288,"minecraft:walk_under_water_one_cm":682,"minecraft:jump":587,"minecraft:walk_on_water_one_cm":6022,"minecraft:time_since_death":17966,"minecraft:sleep_in_bed":1,"minecraft:total_world_time":17966,"minecraft:fall_one_cm":13102},"minecraft:crafted":{"minecraft:oak_planks":38,"minecraft:cooked_porkchop":3,"minecraft:crafting_table":1,"minecraft:stick":12,"minecraft:wooden_pickaxe":1,"minecraft:iron_ingot":5,"minecraft:iron_pickaxe":1,"minecraft:stone_pickaxe":1,"minecraft:iron_sword":1,"minecraft:furnace":1,"minecraft:white_bed":1}},"DataVersion":4082}