{"stats":{"minecraft:custom":{"minecraft:interact_with_furnace":4,"minecraft:mob_kills":68,"minecraft:interact_with_crafting_table":7,"minecraft:time_since_death":819,"minecraft:sleep_in_bed":5,"minecraft:climb_one_cm":1554,"minecraft:time_since_rest":923,"minecraft:sprint_one_cm":242705,"minecraft:damage_taken":921,"minecraft:walk_one_cm":87416,"minecraft:drop":14,"minecraft:damage_dealt":8290,"minecraft:swim_one_cm":11243,"minecraft:fly_one_cm":458485,"minecraft:open_chest":8,"minecraft:crouch_one_cm":2321,"minecraft:play_time":59949,"minecraft:deaths":1,"minecraft:sneak_time":1507,"minecraft:walk_under_water_one_cm":848,"minecraft:boat_one_cm":59163,"minecraft:jump":2313,"minecraft:walk_on_water_one_cm":14317,"minecraft:total_world_time":59949,"minecraft:fall_one_cm":60417},"minecraft:dropped":{"minecraft:gravel":6,"minecraft:sugar_cane":17,"minecraft:wheat_seeds":4,"minecraft:lilac":1,"minecraft:orange_tulip":2,"minecraft:light_gray_wool":1,"minecraft:poppy":2,"minecraft:potato":8,"minecraft:stone_pickaxe":1},"minecraft:picked_up":{"minecraft:crafting_table":4,"minecraft:lilac":1,"minecraft:andesite":2,"minecraft:leather":45,"minecraft:oak_log":15,"minecraft:wheat_seeds":4,"minecraft:orange_tulip":2,"minecraft:iron_ingot":6,"minecraft:beef":59,"minecraft:stone_pickaxe":1,"minecraft:oak_boat":2,"minecraft:rose_bush":1,"minecraft:poppy":2,"minecraft:light_gray_wool":1,"minecraft:sugar_cane":81,"minecraft:oak_planks":2,"minecraft:furnace":1,"minecraft:book":48,"minecraft:raw_iron":41,"minecraft:torch":14,"minecraft:gravel":6,"minecraft:porkchop":3,"minecraft:white_bed":6,"minecraft:cauldron":4,"minecraft:hay_block":64,"minecraft:emerald":4,"minecraft:black_wool":1,"minecraft:mutton":41,"minecraft:coal":95,"minecraft:white_wool":28,"minecraft:cobblestone":51},"minecraft:killed":{"minecraft:pig":1,"minecraft:spider":2,"minecraft:iron_golem":2,"minecraft:sheep":30,"minecraft:cow":33},"minecraft:mined":{"minecraft:white_bed":6,"minecraft:crafting_table":4,"minecraft:torch":7,"minecraft:short_grass":35,"minecraft:emerald_ore":4,"minecraft:grass_block":1,"minecraft:rose_bush":1,"minecraft:tall_grass":8,"minecraft:oak_planks":2,"minecraft:sugar_cane":45,"minecraft:wall_torch":7,"minecraft:hay_block":64,"minecraft:furnace":1,"minecraft:iron_ore":41,"minecraft:lilac":1,"minecraft:andesite":2,"minecraft:orange_tulip":2,"minecraft:bookshelf":16,"minecraft:coal_ore":89,"minecraft:oak_log":16,"minecraft:water_cauldron":4,"minecraft:gravel":3,"minecraft:stone":54,"minecraft:oak_leaves":1},"minecraft:used":{"minecraft:stone_pickaxe":36,"minecraft:oak_planks":16,"minecraft:wooden_pickaxe":36,"minecraft:iron_sword":176,"minecraft:torch":16,"minecraft:crafting_table":4,"minecraft:white_bed":6,"minecraft:golden_shovel":3,"minecraft:oak_log":1,"minecraft:iron_axe":25,"minecraft:bread":18,"minecraft:iron_pickaxe":132,"minecraft:cobblestone":21,"minecraft:beef":12,"minecraft:furnace":1,"minecraft:cooked_porkchop":3,"minecraft:oak_boat":3},"minecraft:crafted":{"minecraft:oak_planks":38,"minecraft:cooked_porkchop":3,"minecraft:crafting_table":1,"minecraft:wooden_pickaxe":1,"minecraft:iron_sword":1,"minecraft:furnace":1,"minecraft:oak_boat":1,"minecraft:iron_axe":1,"minecraft:stick":12,"minecraft:iron_ingot":5,"minecraft:iron_pickaxe":1,"minecraft:stone_pickaxe":1,"minecraft:white_bed":1,"minecraft:torch":12},"minecraft:killed_by":{"minecraft:skeleton":1}},"DataVersion":4082}