{"stats":{"minecraft:custom":{"minecraft:time_since_rest":3996,"minecraft:leave_game":2,"minecraft:damage_taken":3220,"minecraft:mob_kills":27,"minecraft:time_since_death":3948,"minecraft:interact_with_furnace":2,"minecraft:sleep_in_bed":4,"minecraft:interact_with_smithing_table":1,"minecraft:total_world_time":83514,"minecraft:swim_one_cm":12804,"minecraft:crouch_one_cm":418,"minecraft:deaths":10,"minecraft:climb_one_cm":1299,"minecraft:interact_with_crafting_table":10,"minecraft:walk_one_cm":347156,"minecraft:walk_under_water_one_cm":3944,"minecraft:play_time":83514,"minecraft:damage_dealt":4151,"minecraft:jump":1157,"minecraft:drop":56,"minecraft:bell_ring":7,"minecraft:sprint_one_cm":120360,"minecraft:open_chest":5,"minecraft:fall_one_cm":42919,"minecraft:fly_one_cm":95929,"minecraft:walk_on_water_one_cm":17712,"minecraft:sneak_time":262},"minecraft:killed_by":{"minecraft:bogged":1,"minecraft:player":2,"minecraft:creeper":3},"minecraft:killed":{"minecraft:zombie":4,"minecraft:skeleton":2,"minecraft:sheep":6,"minecraft:iron_golem":1,"minecraft:pig":4,"minecraft:cow":7,"minecraft:spider":3},"minecraft:used":{"minecraft:stone_axe":280,"minecraft:iron_axe":7,"minecraft:apple":5,"minecraft:wooden_pickaxe":41,"minecraft:white_wool":4,"minecraft:cooked_chicken":2,"minecraft:cobblestone":9,"minecraft:stone_shovel":269,"minecraft:birch_planks":7,"minecraft:wooden_axe":43,"minecraft:bucket":1,"minecraft:crafting_table":2,"minecraft:salmon":1,"minecraft:oak_sapling":1,"minecraft:mutton":9,"minecraft:white_bed":2,"minecraft:stone_pickaxe":40,"minecraft:dirt":140,"minecraft:coarse_dirt":1,"minecraft:iron_shovel":257},"minecraft:picked_up":{"minecraft:dirt":560,"minecraft:cobblestone":69,"minecraft:coarse_dirt":1,"minecraft:white_bed":2,"minecraft:bucket":1,"minecraft:sugar_cane":2,"minecraft:leather":9,"minecraft:torch":1,"minecraft:bone":4,"minecraft:water_bucket":1,"minecraft:leaf_litter":59,"minecraft:coal":13,"minecraft:stone_pickaxe":1,"minecraft:oak_log":79,"minecraft:wooden_axe":2,"minecraft:firefly_bush":1,"minecraft:birch_planks":1,"minecraft:birch_log":4,"minecraft:wheat_seeds":13,"minecraft:porkchop":10,"minecraft:salmon":1,"minecraft:stick":16,"minecraft:poppy":1,"minecraft:white_wool":6,"minecraft:crafting_table":1,"minecraft:stone_shovel":2,"minecraft:arrow":5,"minecraft:iron_axe":1,"minecraft:oak_sapling":10,"minecraft:iron_ingot":4,"minecraft:cooked_chicken":2,"minecraft:rotten_flesh":14,"minecraft:beef":10,"minecraft:cobbled_deepslate":19,"minecraft:hay_block":26,"minecraft:string":5,"minecraft:stone_axe":2,"minecraft:mutton":11,"minecraft:chest":1},"minecraft:broken":{"minecraft:stone_shovel":2,"minecraft:wooden_axe":1,"minecraft:iron_shovel":1,"minecraft:stone_axe":3},"minecraft:dropped":{"minecraft:iron_axe":1,"minecraft:cobblestone":45,"minecraft:oak_planks":188,"minecraft:wooden_axe":2,"minecraft:water_bucket":2,"minecraft:oak_log":26,"minecraft:stone_axe":1},"minecraft:crafted":{"minecraft:stick":48,"minecraft:wooden_axe":1,"minecraft:wooden_pickaxe":1,"minecraft:stone_axe":2,"minecraft:oak_planks":212,"minecraft:birch_planks":16,"minecraft:stone_pickaxe":1,"minecraft:iron_shovel":1,"minecraft:crafting_table":1,"minecraft:iron_axe":1},"minecraft:mined":{"minecraft:firefly_bush":1,"minecraft:tall_grass":3,"minecraft:glass_pane":1,"minecraft:tall_seagrass":5,"minecraft:dirt":222,"minecraft:vine":5,"minecraft:chest":1,"minecraft:coal_ore":13,"minecraft:grass_block":302,"minecraft:packed_ice":7,"minecraft:hay_block":26,"minecraft:cobblestone":5,"minecraft:sugar_cane":2,"minecraft:white_bed":2,"minecraft:short_grass":42,"minecraft:oak_leaves":23,"minecraft:seagrass":2,"minecraft:crafting_table":1,"minecraft:birch_log":4,"minecraft:leaf_litter":13,"minecraft:oak_log":81,"minecraft:birch_planks":1,"minecraft:coarse_dirt":1,"minecraft:stone":12}},"DataVersion":4325}