{"stats":{"minecraft:killed_by":{"minecraft:player":1,"minecraft:iron_golem":1,"minecraft:zombie":2},"minecraft:broken":{"minecraft:golden_shovel":1,"minecraft:wooden_pickaxe":1,"minecraft:stone_pickaxe":3,"minecraft:stone_axe":1,"minecraft:iron_pickaxe":1,"minecraft:golden_pickaxe":1,"minecraft:stone_shovel":1},"minecraft:mined":{"minecraft:large_amethyst_bud":1,"minecraft:diamond_ore":8,"minecraft:tuff":94,"minecraft:white_bed":9,"minecraft:farmland":12,"minecraft:mossy_cobblestone":10,"minecraft:deepslate_diamond_ore":43,"minecraft:cobblestone_stairs":6,"minecraft:obsidian":14,"minecraft:budding_amethyst":4,"minecraft:granite":5,"minecraft:cobbled_deepslate_slab":3,"minecraft:grass_block":166,"minecraft:hay_block":2,"minecraft:oak_trapdoor":1,"minecraft:furnace":9,"minecraft:carrots":46,"minecraft:iron_ore":22,"minecraft:fire":2,"minecraft:cobbled_deepslate":3,"minecraft:andesite":30,"minecraft:deepslate_lapis_ore":2,"minecraft:gold_block":1,"minecraft:potatoes":4,"minecraft:oak_stairs":1,"minecraft:deepslate_iron_ore":6,"minecraft:dirt_path":62,"minecraft:rail":4,"minecraft:small_amethyst_bud":1,"minecraft:stone":306,"minecraft:white_wool":1,"minecraft:redstone_wall_torch":3,"minecraft:tripwire":1,"minecraft:medium_amethyst_bud":2,"minecraft:stone_brick_slab":1,"minecraft:crafting_table":9,"minecraft:torch":4,"minecraft:short_grass":39,"minecraft:calcite":2,"minecraft:nether_quartz_ore":15,"minecraft:glass":1,"minecraft:tall_grass":7,"minecraft:cobblestone":5,"minecraft:lapis_ore":10,"minecraft:sugar_cane":4,"minecraft:oak_planks":17,"minecraft:diorite":49,"minecraft:wall_torch":3,"minecraft:amethyst_block":4,"minecraft:birch_planks":6,"minecraft:powered_rail":1,"minecraft:birch_log":7,"minecraft:redstone_torch":1,"minecraft:wheat":18,"minecraft:stone_brick_stairs":1,"minecraft:oak_log":75,"minecraft:coal_ore":21,"minecraft:beetroots":2,"minecraft:cherry_leaves":1,"minecraft:gravel":11,"minecraft:sand":53,"minecraft:dirt":148,"minecraft:smooth_basalt":2,"minecraft:netherrack":50,"minecraft:oak_leaves":9,"minecraft:infested_stone":3,"minecraft:deepslate":371},"minecraft:dropped":{"minecraft:iron_ingot":2,"minecraft:wheat_seeds":1,"minecraft:diamond":3,"minecraft:crafting_table":1,"minecraft:dirt":7,"minecraft:white_wool":3,"minecraft:obsidian":3,"minecraft:raw_iron":9,"minecraft:rotten_flesh":3,"minecraft:beetroot_seeds":2},"minecraft:used":{"minecraft:oak_trapdoor":9,"minecraft:iron_shovel":92,"minecraft:stone_shovel":133,"minecraft:chest":4,"minecraft:shield":29,"minecraft:iron_sword":65,"minecraft:stone_hoe":84,"minecraft:netherrack":45,"minecraft:torch":22,"minecraft:dirt":327,"minecraft:carrot":145,"minecraft:golden_shovel":34,"minecraft:tuff":7,"minecraft:granite":1,"minecraft:iron_hoe":2,"minecraft:glass":46,"minecraft:wooden_axe":44,"minecraft:diamond_chestplate":1,"minecraft:beef":2,"minecraft:furnace":16,"minecraft:cooked_beef":1,"minecraft:potato":7,"minecraft:cobbled_deepslate":67,"minecraft:iron_leggings":1,"minecraft:wheat_seeds":8,"minecraft:cooked_mutton":10,"minecraft:water_bucket":21,"minecraft:cobblestone_stairs":37,"minecraft:birch_planks":13,"minecraft:stone_pickaxe":524,"minecraft:powered_rail":7,"minecraft:oak_planks":19,"minecraft:birch_boat":2,"minecraft:wooden_pickaxe":59,"minecraft:sugar_cane":6,"minecraft:diamond_axe":116,"minecraft:cobblestone_slab":2,"minecraft:white_wool":1,"minecraft:mossy_cobblestone":1,"minecraft:rail":36,"minecraft:crafting_table":12,"minecraft:white_bed":14,"minecraft:shears":1,"minecraft:redstone_torch":6,"minecraft:lever":4,"minecraft:diamond_pickaxe":106,"minecraft:apple":2,"minecraft:diamond_shovel":185,"minecraft:bread":4,"minecraft:string":1,"minecraft:iron_pickaxe":338,"minecraft:stone_axe":69,"minecraft:diamond_sword":64,"minecraft:cobblestone":12,"minecraft:cobbled_deepslate_slab":21,"minecraft:bucket":23,"minecraft:bone_meal":36,"minecraft:golden_pickaxe":104},"minecraft:killed":{"minecraft:spider":2,"minecraft:skeleton":8,"minecraft:silverfish":1,"minecraft:iron_golem":11,"minecraft:sheep":19,"minecraft:zombie":9,"minecraft:blaze":1,"minecraft:enderman":1,"minecraft:cow":8},"minecraft:custom":{"minecraft:mob_kills":61,"minecraft:interact_with_crafting_table":57,"minecraft:leave_game":6,"minecraft:time_since_death":53600,"minecraft:climb_one_cm":609,"minecraft:sprint_one_cm":319606,"minecraft:walk_one_cm":305933,"minecraft:damage_blocked_by_shield":1713,"minecraft:drop":17,"minecraft:talked_to_villager":1,"minecraft:play_time":196605,"minecraft:deaths":5,"minecraft:sneak_time":36415,"minecraft:walk_under_water_one_cm":824,"minecraft:boat_one_cm":24963,"minecraft:jump":3705,"minecraft:walk_on_water_one_cm":11527,"minecraft:total_world_time":196605,"minecraft:interact_with_furnace":55,"minecraft:sleep_in_bed":9,"minecraft:time_since_rest":17355,"minecraft:damage_taken":2392,"minecraft:damage_dealt":16056,"minecraft:swim_one_cm":6638,"minecraft:fly_one_cm":680494,"minecraft:player_kills":1,"minecraft:open_chest":109,"minecraft:crouch_one_cm":100296,"minecraft:fall_one_cm":110779},"minecraft:picked_up":{"minecraft:crafting_table":9,"minecraft:wheat":12,"minecraft:azure_bluet":1,"minecraft:oak_stairs":1,"minecraft:gold_block":1,"minecraft:stone_brick_stairs":1,"minecraft:amethyst_block":4,"minecraft:oak_trapdoor":1,"minecraft:string":5,"minecraft:cat_spawn_egg":33,"minecraft:beetroot":3,"minecraft:cobbled_deepslate":372,"minecraft:beef":19,"minecraft:redstone_torch":4,"minecraft:calcite":2,"minecraft:poppy":16,"minecraft:sugar_cane":9,"minecraft:furnace":9,"minecraft:raw_iron":28,"minecraft:torch":7,"minecraft:diorite":49,"minecraft:carrot":143,"minecraft:rotten_flesh":15,"minecraft:arrow":8,"minecraft:beetroot_seeds":13,"minecraft:hay_block":2,"minecraft:obsidian":14,"minecraft:mutton":32,"minecraft:rail":4,"minecraft:white_wool":39,"minecraft:cobblestone":309,"minecraft:birch_log":7,"minecraft:andesite":30,"minecraft:leather":13,"minecraft:potato":16,"minecraft:birch_planks":6,"minecraft:tuff":94,"minecraft:oak_log":75,"minecraft:cobblestone_stairs":6,"minecraft:lapis_lazuli":80,"minecraft:dirt":393,"minecraft:bone":17,"minecraft:apple":1,"minecraft:bow":1,"minecraft:wheat_seeds":59,"minecraft:cobbled_deepslate_slab":5,"minecraft:bell":1,"minecraft:iron_ingot":47,"minecraft:powered_rail":1,"minecraft:oak_planks":17,"minecraft:smooth_basalt":2,"minecraft:birch_boat":2,"minecraft:quartz":15,"minecraft:stone_brick_slab":1,"minecraft:dandelion":5,"minecraft:gravel":11,"minecraft:sand":53,"minecraft:white_bed":9,"minecraft:spider_eye":1,"minecraft:mossy_cobblestone":8,"minecraft:diamond_shovel":1,"minecraft:diamond":51,"minecraft:granite":5,"minecraft:oak_sapling":2,"minecraft:netherrack":56,"minecraft:coal":21,"minecraft:ender_pearl":1},"minecraft:crafted":{"minecraft:cobbled_deepslate_slab":120,"minecraft:oak_planks":140,"minecraft:cobblestone_slab":6,"minecraft:stone_shovel":1,"minecraft:birch_boat":1,"minecraft:furnace":12,"minecraft:piston":6,"minecraft:cobblestone_stairs":84,"minecraft:bone_meal":36,"minecraft:lever":7,"minecraft:diamond_shovel":1,"minecraft:cooked_mutton":10,"minecraft:oak_trapdoor":10,"minecraft:glass":53,"minecraft:diamond_helmet":1,"minecraft:diamond_leggings":1,"minecraft:iron_hoe":1,"minecraft:stone_pickaxe":5,"minecraft:chest":4,"minecraft:diamond_boots":1,"minecraft:rail":32,"minecraft:stone_hoe":1,"minecraft:minecart":1,"minecraft:cooked_beef":17,"minecraft:diamond_sword":1,"minecraft:diamond_axe":1,"minecraft:crafting_table":4,"minecraft:powered_rail":6,"minecraft:wooden_pickaxe":1,"minecraft:iron_sword":1,"minecraft:bucket":2,"minecraft:birch_planks":28,"minecraft:stone_axe":1,"minecraft:bread":4,"minecraft:air":0,"minecraft:white_wool":2,"minecraft:diamond_pickaxe":1,"minecraft:charcoal":39,"minecraft:shield":2,"minecraft:stick":52,"minecraft:iron_ingot":28,"minecraft:iron_pickaxe":2,"minecraft:wooden_axe":1,"minecraft:gold_ingot":9,"minecraft:iron_shovel":1,"minecraft:iron_leggings":1,"minecraft:white_bed":7,"minecraft:redstone_torch":2,"minecraft:torch":28,"minecraft:shears":1,"minecraft:diamond_chestplate":2}},"DataVersion":4082}