{"stats":{"minecraft:custom":{"minecraft:mob_kills":43,"minecraft:interact_with_crafting_table":41,"minecraft:leave_game":3,"minecraft:time_since_death":7227,"minecraft:climb_one_cm":609,"minecraft:sprint_one_cm":240112,"minecraft:walk_one_cm":239612,"minecraft:damage_blocked_by_shield":1365,"minecraft:drop":16,"minecraft:play_time":150232,"minecraft:deaths":5,"minecraft:sneak_time":31606,"minecraft:walk_under_water_one_cm":824,"minecraft:boat_one_cm":24963,"minecraft:jump":2922,"minecraft:walk_on_water_one_cm":8905,"minecraft:total_world_time":150232,"minecraft:interact_with_furnace":23,"minecraft:sleep_in_bed":6,"minecraft:time_since_rest":7288,"minecraft:damage_taken":2124,"minecraft:damage_dealt":9941,"minecraft:swim_one_cm":6638,"minecraft:fly_one_cm":539862,"minecraft:player_kills":1,"minecraft:open_chest":57,"minecraft:crouch_one_cm":82654,"minecraft:fall_one_cm":87634},"minecraft:dropped":{"minecraft:iron_ingot":2,"minecraft:diamond":3,"minecraft:crafting_table":1,"minecraft:dirt":7,"minecraft:white_wool":3,"minecraft:obsidian":3,"minecraft:raw_iron":9,"minecraft:rotten_flesh":3,"minecraft:beetroot_seeds":2},"minecraft:picked_up":{"minecraft:crafting_table":9,"minecraft:wheat":12,"minecraft:azure_bluet":1,"minecraft:oak_stairs":1,"minecraft:gold_block":1,"minecraft:stone_brick_stairs":1,"minecraft:amethyst_block":4,"minecraft:string":5,"minecraft:oak_trapdoor":1,"minecraft:cat_spawn_egg":33,"minecraft:beetroot":3,"minecraft:cobbled_deepslate":372,"minecraft:beef":6,"minecraft:calcite":2,"minecraft:poppy":11,"minecraft:sugar_cane":9,"minecraft:furnace":5,"minecraft:raw_iron":28,"minecraft:torch":7,"minecraft:diorite":49,"minecraft:carrot":142,"minecraft:rotten_flesh":11,"minecraft:arrow":6,"minecraft:beetroot_seeds":13,"minecraft:hay_block":1,"minecraft:mutton":26,"minecraft:obsidian":14,"minecraft:white_wool":36,"minecraft:cobblestone":309,"minecraft:birch_log":7,"minecraft:andesite":30,"minecraft:leather":2,"minecraft:potato":16,"minecraft:tuff":94,"minecraft:oak_log":34,"minecraft:lapis_lazuli":80,"minecraft:dirt":294,"minecraft:bone":13,"minecraft:wheat_seeds":54,"minecraft:cobbled_deepslate_slab":5,"minecraft:bell":1,"minecraft:iron_ingot":25,"minecraft:oak_planks":6,"minecraft:smooth_basalt":2,"minecraft:birch_boat":2,"minecraft:stone_brick_slab":1,"minecraft:dandelion":5,"minecraft:gravel":11,"minecraft:sand":53,"minecraft:white_bed":9,"minecraft:spider_eye":1,"minecraft:mossy_cobblestone":8,"minecraft:diamond_shovel":1,"minecraft:diamond":51,"minecraft:granite":5,"minecraft:oak_sapling":2,"minecraft:netherrack":13,"minecraft:coal":21,"minecraft:ender_pearl":1},"minecraft:killed":{"minecraft:spider":2,"minecraft:skeleton":6,"minecraft:silverfish":1,"minecraft:iron_golem":6,"minecraft:sheep":16,"minecraft:zombie":8,"minecraft:cow":2,"minecraft:enderman":1},"minecraft:mined":{"minecraft:large_amethyst_bud":1,"minecraft:diamond_ore":8,"minecraft:tuff":94,"minecraft:white_bed":9,"minecraft:farmland":12,"minecraft:mossy_cobblestone":10,"minecraft:deepslate_diamond_ore":43,"minecraft:obsidian":14,"minecraft:granite":5,"minecraft:budding_amethyst":4,"minecraft:cobbled_deepslate_slab":3,"minecraft:grass_block":151,"minecraft:hay_block":1,"minecraft:oak_trapdoor":1,"minecraft:furnace":5,"minecraft:carrots":46,"minecraft:iron_ore":22,"minecraft:cobbled_deepslate":3,"minecraft:andesite":30,"minecraft:deepslate_lapis_ore":2,"minecraft:gold_block":1,"minecraft:potatoes":4,"minecraft:deepslate_iron_ore":6,"minecraft:dirt_path":34,"minecraft:oak_stairs":1,"minecraft:small_amethyst_bud":1,"minecraft:stone":306,"minecraft:white_wool":1,"minecraft:tripwire":1,"minecraft:medium_amethyst_bud":2,"minecraft:stone_brick_slab":1,"minecraft:crafting_table":9,"minecraft:torch":4,"minecraft:short_grass":32,"minecraft:calcite":2,"minecraft:cobblestone":5,"minecraft:tall_grass":6,"minecraft:lapis_ore":10,"minecraft:sugar_cane":4,"minecraft:oak_planks":6,"minecraft:diorite":49,"minecraft:wall_torch":3,"minecraft:amethyst_block":4,"minecraft:birch_log":7,"minecraft:wheat":18,"minecraft:stone_brick_stairs":1,"minecraft:oak_log":34,"minecraft:coal_ore":21,"minecraft:beetroots":2,"minecraft:gravel":11,"minecraft:sand":53,"minecraft:dirt":100,"minecraft:smooth_basalt":2,"minecraft:netherrack":13,"minecraft:infested_stone":3,"minecraft:oak_leaves":9,"minecraft:deepslate":371},"minecraft:broken":{"minecraft:golden_shovel":1,"minecraft:wooden_pickaxe":1,"minecraft:stone_pickaxe":3,"minecraft:stone_axe":1,"minecraft:iron_pickaxe":1,"minecraft:golden_pickaxe":1,"minecraft:stone_shovel":1},"minecraft:crafted":{"minecraft:cobbled_deepslate_slab":120,"minecraft:oak_planks":100,"minecraft:cobblestone_slab":6,"minecraft:stone_shovel":1,"minecraft:birch_boat":1,"minecraft:furnace":4,"minecraft:bone_meal":36,"minecraft:diamond_shovel":1,"minecraft:cooked_mutton":10,"minecraft:oak_trapdoor":10,"minecraft:glass":53,"minecraft:diamond_helmet":1,"minecraft:diamond_leggings":1,"minecraft:iron_hoe":1,"minecraft:stone_pickaxe":5,"minecraft:chest":4,"minecraft:diamond_boots":1,"minecraft:stone_hoe":1,"minecraft:diamond_sword":1,"minecraft:diamond_axe":1,"minecraft:crafting_table":4,"minecraft:wooden_pickaxe":1,"minecraft:iron_sword":1,"minecraft:bucket":2,"minecraft:birch_planks":28,"minecraft:stone_axe":1,"minecraft:bread":4,"minecraft:air":0,"minecraft:white_wool":2,"minecraft:diamond_pickaxe":1,"minecraft:shield":2,"minecraft:stick":36,"minecraft:iron_ingot":16,"minecraft:iron_pickaxe":2,"minecraft:wooden_axe":1,"minecraft:iron_shovel":1,"minecraft:iron_leggings":1,"minecraft:white_bed":7,"minecraft:torch":8,"minecraft:shears":1,"minecraft:diamond_chestplate":2},"minecraft:used":{"minecraft:oak_trapdoor":9,"minecraft:iron_shovel":92,"minecraft:stone_shovel":133,"minecraft:chest":4,"minecraft:shield":24,"minecraft:iron_sword":65,"minecraft:stone_hoe":84,"minecraft:netherrack":2,"minecraft:torch":15,"minecraft:dirt":275,"minecraft:carrot":135,"minecraft:golden_shovel":34,"minecraft:tuff":7,"minecraft:granite":1,"minecraft:iron_hoe":2,"minecraft:glass":2,"minecraft:wooden_axe":44,"minecraft:diamond_chestplate":1,"minecraft:beef":2,"minecraft:furnace":7,"minecraft:potato":7,"minecraft:cobbled_deepslate":67,"minecraft:iron_leggings":1,"minecraft:wheat_seeds":8,"minecraft:cooked_mutton":10,"minecraft:water_bucket":17,"minecraft:birch_planks":7,"minecraft:stone_pickaxe":524,"minecraft:oak_planks":10,"minecraft:birch_boat":2,"minecraft:wooden_pickaxe":59,"minecraft:sugar_cane":6,"minecraft:diamond_axe":25,"minecraft:cobblestone_slab":2,"minecraft:white_wool":1,"minecraft:mossy_cobblestone":1,"minecraft:crafting_table":12,"minecraft:white_bed":14,"minecraft:shears":1,"minecraft:diamond_pickaxe":37,"minecraft:diamond_shovel":93,"minecraft:bread":3,"minecraft:string":1,"minecraft:iron_pickaxe":338,"minecraft:stone_axe":69,"minecraft:diamond_sword":8,"minecraft:cobblestone":10,"minecraft:cobbled_deepslate_slab":21,"minecraft:bucket":19,"minecraft:bone_meal":36,"minecraft:golden_pickaxe":104},"minecraft:killed_by":{"minecraft:player":1,"minecraft:iron_golem":1,"minecraft:zombie":2}},"DataVersion":4082}