{"stats":{"minecraft:dropped":{"minecraft:iron_ingot":2,"minecraft:diamond":3,"minecraft:crafting_table":1,"minecraft:obsidian":3,"minecraft:raw_iron":9},"minecraft:killed":{"minecraft:sheep":3,"minecraft:silverfish":1},"minecraft:killed_by":{"minecraft:zombie":1},"minecraft:crafted":{"minecraft:oak_planks":80,"minecraft:crafting_table":1,"minecraft:wooden_pickaxe":1,"minecraft:birch_boat":1,"minecraft:furnace":2,"minecraft:birch_planks":28,"minecraft:stone_axe":1,"minecraft:cooked_mutton":5,"minecraft:air":0,"minecraft:stick":16,"minecraft:iron_ingot":12,"minecraft:stone_pickaxe":3,"minecraft:iron_pickaxe":1,"minecraft:wooden_axe":1,"minecraft:iron_leggings":1,"minecraft:white_bed":1,"minecraft:torch":8},"minecraft:mined":{"minecraft:diamond_ore":8,"minecraft:white_bed":2,"minecraft:mossy_cobblestone":2,"minecraft:deepslate_diamond_ore":4,"minecraft:crafting_table":5,"minecraft:granite":3,"minecraft:short_grass":1,"minecraft:grass_block":1,"minecraft:cobblestone":2,"minecraft:lapis_ore":10,"minecraft:diorite":40,"minecraft:wall_torch":1,"minecraft:furnace":2,"minecraft:birch_log":7,"minecraft:iron_ore":21,"minecraft:andesite":30,"minecraft:deepslate_lapis_ore":2,"minecraft:coal_ore":10,"minecraft:oak_log":25,"minecraft:gravel":2,"minecraft:dirt":5,"minecraft:stone":220,"minecraft:infested_stone":3,"minecraft:oak_leaves":7,"minecraft:deepslate":71},"minecraft:picked_up":{"minecraft:birch_log":7,"minecraft:crafting_table":5,"minecraft:andesite":30,"minecraft:oak_log":25,"minecraft:lapis_lazuli":80,"minecraft:dirt":6,"minecraft:cobbled_deepslate":69,"minecraft:furnace":2,"minecraft:raw_iron":21,"minecraft:birch_boat":1,"minecraft:torch":1,"minecraft:gravel":2,"minecraft:diorite":40,"minecraft:white_bed":2,"minecraft:mossy_cobblestone":2,"minecraft:diamond":12,"minecraft:granite":3,"minecraft:oak_sapling":2,"minecraft:mutton":5,"minecraft:coal":10,"minecraft:white_wool":3,"minecraft:cobblestone":220},"minecraft:custom":{"minecraft:interact_with_furnace":7,"minecraft:mob_kills":4,"minecraft:interact_with_crafting_table":11,"minecraft:time_since_death":2362,"minecraft:sleep_in_bed":2,"minecraft:climb_one_cm":149,"minecraft:time_since_rest":2386,"minecraft:sprint_one_cm":23162,"minecraft:damage_taken":364,"minecraft:walk_one_cm":38173,"minecraft:drop":9,"minecraft:damage_dealt":428,"minecraft:fly_one_cm":50173,"minecraft:open_chest":1,"minecraft:crouch_one_cm":12493,"minecraft:play_time":29970,"minecraft:deaths":1,"minecraft:sneak_time":5949,"minecraft:walk_under_water_one_cm":33,"minecraft:boat_one_cm":24641,"minecraft:jump":277,"minecraft:walk_on_water_one_cm":545,"minecraft:total_world_time":29970,"minecraft:fall_one_cm":7177},"minecraft:broken":{"minecraft:stone_pickaxe":2,"minecraft:wooden_pickaxe":1},"minecraft:used":{"minecraft:cooked_mutton":2,"minecraft:birch_planks":7,"minecraft:stone_pickaxe":281,"minecraft:wooden_pickaxe":59,"minecraft:birch_boat":1,"minecraft:torch":1,"minecraft:dirt":5,"minecraft:crafting_table":5,"minecraft:white_bed":2,"minecraft:wooden_axe":36,"minecraft:iron_pickaxe":95,"minecraft:furnace":2,"minecraft:iron_leggings":1}},"DataVersion":4082}