{"stats":{"minecraft:dropped":{"minecraft:iron_ingot":2,"minecraft:diamond":3,"minecraft:crafting_table":1,"minecraft:obsidian":3,"minecraft:raw_iron":9},"minecraft:killed":{"minecraft:sheep":3,"minecraft:skeleton":1,"minecraft:zombie":1,"minecraft:silverfish":1},"minecraft:killed_by":{"minecraft:zombie":1},"minecraft:crafted":{"minecraft:oak_planks":100,"minecraft:crafting_table":3,"minecraft:wooden_pickaxe":1,"minecraft:birch_boat":1,"minecraft:furnace":4,"minecraft:birch_planks":28,"minecraft:stone_axe":1,"minecraft:oak_trapdoor":6,"minecraft:cooked_mutton":5,"minecraft:air":0,"minecraft:shield":1,"minecraft:stick":28,"minecraft:iron_ingot":16,"minecraft:stone_pickaxe":5,"minecraft:iron_pickaxe":2,"minecraft:wooden_axe":1,"minecraft:chest":2,"minecraft:iron_leggings":1,"minecraft:white_bed":1,"minecraft:torch":8,"minecraft:diamond_chestplate":1},"minecraft:mined":{"minecraft:large_amethyst_bud":1,"minecraft:diamond_ore":8,"minecraft:tuff":94,"minecraft:white_bed":2,"minecraft:mossy_cobblestone":7,"minecraft:deepslate_diamond_ore":43,"minecraft:medium_amethyst_bud":2,"minecraft:crafting_table":8,"minecraft:torch":2,"minecraft:granite":5,"minecraft:budding_amethyst":4,"minecraft:short_grass":1,"minecraft:grass_block":2,"minecraft:calcite":2,"minecraft:cobblestone":2,"minecraft:lapis_ore":10,"minecraft:diorite":49,"minecraft:wall_torch":2,"minecraft:amethyst_block":4,"minecraft:furnace":5,"minecraft:birch_log":7,"minecraft:iron_ore":22,"minecraft:andesite":30,"minecraft:deepslate_lapis_ore":2,"minecraft:coal_ore":12,"minecraft:oak_log":25,"minecraft:deepslate_iron_ore":6,"minecraft:small_amethyst_bud":1,"minecraft:oak_stairs":1,"minecraft:gravel":11,"minecraft:dirt":10,"minecraft:smooth_basalt":2,"minecraft:stone":304,"minecraft:infested_stone":3,"minecraft:oak_leaves":7,"minecraft:deepslate":371},"minecraft:picked_up":{"minecraft:birch_log":7,"minecraft:crafting_table":8,"minecraft:andesite":30,"minecraft:oak_stairs":1,"minecraft:tuff":94,"minecraft:oak_log":25,"minecraft:amethyst_block":4,"minecraft:lapis_lazuli":80,"minecraft:dirt":12,"minecraft:bone":3,"minecraft:cobbled_deepslate":369,"minecraft:calcite":2,"minecraft:furnace":5,"minecraft:raw_iron":28,"minecraft:smooth_basalt":2,"minecraft:birch_boat":1,"minecraft:torch":4,"minecraft:gravel":11,"minecraft:diorite":49,"minecraft:white_bed":2,"minecraft:mossy_cobblestone":7,"minecraft:arrow":1,"minecraft:rotten_flesh":2,"minecraft:diamond":51,"minecraft:granite":5,"minecraft:oak_sapling":2,"minecraft:mutton":5,"minecraft:coal":12,"minecraft:white_wool":3,"minecraft:cobblestone":304},"minecraft:custom":{"minecraft:interact_with_furnace":14,"minecraft:mob_kills":6,"minecraft:interact_with_crafting_table":19,"minecraft:time_since_death":26362,"minecraft:sleep_in_bed":2,"minecraft:climb_one_cm":149,"minecraft:time_since_rest":26386,"minecraft:sprint_one_cm":33786,"minecraft:damage_taken":474,"minecraft:walk_one_cm":61564,"minecraft:damage_blocked_by_shield":60,"minecraft:drop":9,"minecraft:damage_dealt":730,"minecraft:fly_one_cm":68712,"minecraft:open_chest":3,"minecraft:crouch_one_cm":38775,"minecraft:play_time":53970,"minecraft:deaths":1,"minecraft:sneak_time":19407,"minecraft:walk_under_water_one_cm":33,"minecraft:boat_one_cm":24641,"minecraft:jump":475,"minecraft:walk_on_water_one_cm":545,"minecraft:total_world_time":53970,"minecraft:fall_one_cm":9654},"minecraft:broken":{"minecraft:stone_pickaxe":3,"minecraft:iron_pickaxe":1,"minecraft:golden_pickaxe":1,"minecraft:wooden_pickaxe":1},"minecraft:used":{"minecraft:oak_trapdoor":4,"minecraft:cooked_mutton":2,"minecraft:birch_planks":7,"minecraft:stone_pickaxe":522,"minecraft:shield":1,"minecraft:chest":2,"minecraft:wooden_pickaxe":59,"minecraft:birch_boat":1,"minecraft:torch":7,"minecraft:mossy_cobblestone":1,"minecraft:dirt":7,"minecraft:crafting_table":10,"minecraft:white_bed":3,"minecraft:tuff":2,"minecraft:granite":1,"minecraft:wooden_axe":44,"minecraft:iron_pickaxe":321,"minecraft:stone_axe":1,"minecraft:diamond_chestplate":1,"minecraft:furnace":6,"minecraft:golden_pickaxe":104,"minecraft:iron_leggings":1}},"DataVersion":4082}