{"stats":{"minecraft:custom":{"minecraft:mob_kills":66,"minecraft:interact_with_crafting_table":66,"minecraft:leave_game":7,"minecraft:time_since_death":74188,"minecraft:climb_one_cm":609,"minecraft:sprint_one_cm":360051,"minecraft:walk_one_cm":332091,"minecraft:damage_blocked_by_shield":2013,"minecraft:drop":17,"minecraft:talked_to_villager":1,"minecraft:play_time":217193,"minecraft:deaths":5,"minecraft:sneak_time":38164,"minecraft:walk_under_water_one_cm":879,"minecraft:boat_one_cm":24963,"minecraft:jump":4047,"minecraft:walk_on_water_one_cm":12034,"minecraft:total_world_time":217193,"minecraft:interact_with_furnace":79,"minecraft:sleep_in_bed":10,"minecraft:time_since_rest":9775,"minecraft:damage_taken":2554,"minecraft:damage_dealt":18556,"minecraft:swim_one_cm":6638,"minecraft:fly_one_cm":761901,"minecraft:player_kills":1,"minecraft:open_chest":144,"minecraft:crouch_one_cm":104891,"minecraft:fall_one_cm":122642},"minecraft:dropped":{"minecraft:iron_ingot":2,"minecraft:wheat_seeds":1,"minecraft:diamond":3,"minecraft:crafting_table":1,"minecraft:dirt":7,"minecraft:white_wool":3,"minecraft:obsidian":3,"minecraft:raw_iron":9,"minecraft:rotten_flesh":3,"minecraft:beetroot_seeds":2},"minecraft:picked_up":{"minecraft:crafting_table":9,"minecraft:wheat":12,"minecraft:azure_bluet":1,"minecraft:oak_stairs":1,"minecraft:gold_block":1,"minecraft:stone_brick_stairs":1,"minecraft:amethyst_block":4,"minecraft:oak_trapdoor":1,"minecraft:string":5,"minecraft:cat_spawn_egg":33,"minecraft:beetroot":3,"minecraft:cobbled_deepslate":372,"minecraft:beef":19,"minecraft:redstone_torch":4,"minecraft:calcite":2,"minecraft:poppy":18,"minecraft:sugar_cane":9,"minecraft:furnace":9,"minecraft:raw_iron":28,"minecraft:torch":7,"minecraft:diorite":49,"minecraft:carrot":143,"minecraft:rotten_flesh":15,"minecraft:arrow":8,"minecraft:beetroot_seeds":13,"minecraft:nether_bricks":13,"minecraft:hay_block":2,"minecraft:obsidian":14,"minecraft:mutton":32,"minecraft:rail":4,"minecraft:white_wool":39,"minecraft:cobblestone":309,"minecraft:birch_log":7,"minecraft:andesite":30,"minecraft:leather":13,"minecraft:potato":19,"minecraft:birch_planks":6,"minecraft:tuff":94,"minecraft:oak_log":117,"minecraft:cobblestone_stairs":6,"minecraft:lapis_lazuli":80,"minecraft:dirt":428,"minecraft:bone":18,"minecraft:apple":1,"minecraft:bow":1,"minecraft:wheat_seeds":59,"minecraft:cobbled_deepslate_slab":5,"minecraft:bell":1,"minecraft:iron_ingot":55,"minecraft:powered_rail":1,"minecraft:oak_planks":17,"minecraft:smooth_basalt":2,"minecraft:birch_boat":2,"minecraft:stone_brick_slab":1,"minecraft:quartz":15,"minecraft:dandelion":5,"minecraft:gravel":11,"minecraft:sand":149,"minecraft:white_bed":9,"minecraft:spider_eye":1,"minecraft:mossy_cobblestone":8,"minecraft:diamond_shovel":1,"minecraft:diamond":51,"minecraft:granite":5,"minecraft:oak_sapling":2,"minecraft:netherrack":56,"minecraft:coal":22,"minecraft:ender_pearl":1},"minecraft:killed":{"minecraft:spider":2,"minecraft:skeleton":8,"minecraft:silverfish":1,"minecraft:iron_golem":13,"minecraft:sheep":19,"minecraft:zombie":9,"minecraft:wither_skeleton":1,"minecraft:blaze":3,"minecraft:enderman":1,"minecraft:cow":8},"minecraft:mined":{"minecraft:large_amethyst_bud":1,"minecraft:diamond_ore":8,"minecraft:tuff":94,"minecraft:white_bed":9,"minecraft:farmland":12,"minecraft:mossy_cobblestone":10,"minecraft:deepslate_diamond_ore":43,"minecraft:cobblestone_stairs":6,"minecraft:obsidian":14,"minecraft:budding_amethyst":4,"minecraft:nether_bricks":13,"minecraft:granite":5,"minecraft:cobbled_deepslate_slab":3,"minecraft:grass_block":174,"minecraft:hay_block":2,"minecraft:oak_trapdoor":1,"minecraft:furnace":9,"minecraft:carrots":46,"minecraft:iron_ore":22,"minecraft:fire":3,"minecraft:cobbled_deepslate":3,"minecraft:andesite":30,"minecraft:deepslate_lapis_ore":2,"minecraft:gold_block":1,"minecraft:potatoes":5,"minecraft:oak_stairs":1,"minecraft:deepslate_iron_ore":6,"minecraft:dirt_path":62,"minecraft:rail":4,"minecraft:small_amethyst_bud":1,"minecraft:stone":306,"minecraft:white_wool":1,"minecraft:redstone_wall_torch":3,"minecraft:tripwire":1,"minecraft:medium_amethyst_bud":2,"minecraft:stone_brick_slab":1,"minecraft:crafting_table":9,"minecraft:torch":4,"minecraft:short_grass":45,"minecraft:calcite":2,"minecraft:nether_quartz_ore":15,"minecraft:glass":1,"minecraft:tall_grass":8,"minecraft:cobblestone":5,"minecraft:lapis_ore":10,"minecraft:sugar_cane":4,"minecraft:oak_planks":17,"minecraft:diorite":49,"minecraft:wall_torch":3,"minecraft:amethyst_block":4,"minecraft:birch_planks":6,"minecraft:powered_rail":1,"minecraft:birch_log":7,"minecraft:redstone_torch":1,"minecraft:wheat":18,"minecraft:stone_brick_stairs":1,"minecraft:coal_ore":21,"minecraft:oak_log":118,"minecraft:beetroots":2,"minecraft:cherry_leaves":1,"minecraft:gravel":11,"minecraft:sand":149,"minecraft:dirt":175,"minecraft:smooth_basalt":2,"minecraft:netherrack":50,"minecraft:oak_leaves":9,"minecraft:infested_stone":3,"minecraft:deepslate":371},"minecraft:broken":{"minecraft:golden_shovel":1,"minecraft:wooden_pickaxe":1,"minecraft:stone_pickaxe":3,"minecraft:stone_axe":1,"minecraft:iron_pickaxe":1,"minecraft:golden_pickaxe":1,"minecraft:stone_shovel":1},"minecraft:crafted":{"minecraft:cobbled_deepslate_slab":120,"minecraft:oak_planks":164,"minecraft:cobblestone_slab":6,"minecraft:stone_shovel":1,"minecraft:birch_boat":1,"minecraft:furnace":12,"minecraft:piston":9,"minecraft:cobblestone_stairs":84,"minecraft:lever":7,"minecraft:bone_meal":36,"minecraft:diamond_shovel":1,"minecraft:cooked_mutton":10,"minecraft:oak_trapdoor":10,"minecraft:glass":53,"minecraft:diamond_helmet":1,"minecraft:diamond_leggings":1,"minecraft:iron_hoe":1,"minecraft:stone_pickaxe":5,"minecraft:chest":4,"minecraft:diamond_boots":1,"minecraft:rail":80,"minecraft:stone_hoe":1,"minecraft:minecart":1,"minecraft:observer":15,"minecraft:cooked_beef":17,"minecraft:diamond_sword":1,"minecraft:diamond_axe":1,"minecraft:crafting_table":4,"minecraft:enchanting_table":1,"minecraft:wooden_pickaxe":1,"minecraft:powered_rail":6,"minecraft:iron_sword":1,"minecraft:birch_planks":28,"minecraft:bucket":2,"minecraft:stone_axe":1,"minecraft:bread":4,"minecraft:air":0,"minecraft:charcoal":39,"minecraft:paper":6,"minecraft:white_wool":2,"minecraft:book":2,"minecraft:diamond_pickaxe":1,"minecraft:shield":2,"minecraft:stick":52,"minecraft:iron_ingot":84,"minecraft:iron_pickaxe":2,"minecraft:wooden_axe":1,"minecraft:gold_ingot":9,"minecraft:iron_shovel":1,"minecraft:iron_leggings":1,"minecraft:white_bed":7,"minecraft:redstone_torch":2,"minecraft:torch":28,"minecraft:shears":1,"minecraft:diamond_chestplate":2},"minecraft:used":{"minecraft:oak_trapdoor":9,"minecraft:enchanting_table":1,"minecraft:iron_shovel":92,"minecraft:stone_shovel":133,"minecraft:chest":4,"minecraft:shield":35,"minecraft:iron_sword":65,"minecraft:stone_hoe":84,"minecraft:netherrack":45,"minecraft:torch":22,"minecraft:dirt":362,"minecraft:carrot":145,"minecraft:golden_shovel":34,"minecraft:tuff":7,"minecraft:granite":1,"minecraft:iron_hoe":2,"minecraft:glass":46,"minecraft:wooden_axe":44,"minecraft:diamond_chestplate":1,"minecraft:bow":2,"minecraft:beef":2,"minecraft:furnace":16,"minecraft:cooked_beef":3,"minecraft:potato":7,"minecraft:iron_leggings":1,"minecraft:cobbled_deepslate":70,"minecraft:wheat_seeds":8,"minecraft:cooked_mutton":10,"minecraft:water_bucket":21,"minecraft:cobblestone_stairs":37,"minecraft:birch_planks":13,"minecraft:stone_pickaxe":524,"minecraft:powered_rail":7,"minecraft:oak_planks":19,"minecraft:birch_boat":2,"minecraft:wooden_pickaxe":59,"minecraft:sugar_cane":6,"minecraft:diamond_axe":162,"minecraft:cobblestone_slab":2,"minecraft:white_wool":1,"minecraft:mossy_cobblestone":1,"minecraft:rail":36,"minecraft:crafting_table":12,"minecraft:white_bed":14,"minecraft:shears":1,"minecraft:redstone_torch":6,"minecraft:lever":4,"minecraft:diamond_pickaxe":119,"minecraft:apple":2,"minecraft:diamond_shovel":316,"minecraft:bread":4,"minecraft:string":1,"minecraft:iron_pickaxe":338,"minecraft:stone_axe":69,"minecraft:diamond_sword":106,"minecraft:cobblestone":12,"minecraft:cobbled_deepslate_slab":21,"minecraft:bucket":23,"minecraft:bone_meal":36,"minecraft:golden_pickaxe":104},"minecraft:killed_by":{"minecraft:player":1,"minecraft:iron_golem":1,"minecraft:zombie":2}},"DataVersion":4082}