{"stats":{"minecraft:dropped":{"minecraft:iron_ingot":2,"minecraft:diamond":3,"minecraft:crafting_table":1,"minecraft:white_wool":3,"minecraft:obsidian":3,"minecraft:raw_iron":9,"minecraft:rotten_flesh":3,"minecraft:beetroot_seeds":2},"minecraft:killed_by":{"minecraft:zombie":1},"minecraft:killed":{"minecraft:spider":2,"minecraft:skeleton":5,"minecraft:silverfish":1,"minecraft:iron_golem":3,"minecraft:sheep":6,"minecraft:zombie":6,"minecraft:enderman":1},"minecraft:crafted":{"minecraft:oak_planks":100,"minecraft:stone_shovel":1,"minecraft:birch_boat":1,"minecraft:furnace":4,"minecraft:bone_meal":36,"minecraft:cooked_mutton":10,"minecraft:oak_trapdoor":6,"minecraft:glass":9,"minecraft:stone_pickaxe":5,"minecraft:chest":2,"minecraft:stone_hoe":1,"minecraft:crafting_table":3,"minecraft:wooden_pickaxe":1,"minecraft:iron_sword":1,"minecraft:bucket":1,"minecraft:birch_planks":28,"minecraft:stone_axe":1,"minecraft:air":0,"minecraft:shield":1,"minecraft:stick":28,"minecraft:iron_ingot":16,"minecraft:iron_pickaxe":2,"minecraft:wooden_axe":1,"minecraft:iron_shovel":1,"minecraft:iron_leggings":1,"minecraft:white_bed":1,"minecraft:torch":8,"minecraft:diamond_chestplate":1},"minecraft:mined":{"minecraft:diamond_ore":8,"minecraft:large_amethyst_bud":1,"minecraft:tuff":94,"minecraft:white_bed":7,"minecraft:mossy_cobblestone":10,"minecraft:deepslate_diamond_ore":43,"minecraft:granite":5,"minecraft:budding_amethyst":4,"minecraft:grass_block":94,"minecraft:hay_block":1,"minecraft:oak_trapdoor":1,"minecraft:furnace":5,"minecraft:carrots":30,"minecraft:iron_ore":22,"minecraft:andesite":30,"minecraft:deepslate_lapis_ore":2,"minecraft:potatoes":1,"minecraft:deepslate_iron_ore":6,"minecraft:dirt_path":34,"minecraft:oak_stairs":1,"minecraft:small_amethyst_bud":1,"minecraft:stone":306,"minecraft:medium_amethyst_bud":2,"minecraft:crafting_table":8,"minecraft:torch":4,"minecraft:short_grass":17,"minecraft:calcite":2,"minecraft:tall_grass":5,"minecraft:cobblestone":3,"minecraft:lapis_ore":10,"minecraft:oak_planks":1,"minecraft:diorite":49,"minecraft:wall_torch":3,"minecraft:amethyst_block":4,"minecraft:birch_log":7,"minecraft:wheat":1,"minecraft:oak_log":25,"minecraft:coal_ore":21,"minecraft:gravel":11,"minecraft:sand":53,"minecraft:dirt":49,"minecraft:smooth_basalt":2,"minecraft:deepslate":371,"minecraft:oak_leaves":7,"minecraft:infested_stone":3},"minecraft:picked_up":{"minecraft:crafting_table":8,"minecraft:azure_bluet":1,"minecraft:oak_stairs":1,"minecraft:amethyst_block":4,"minecraft:oak_trapdoor":1,"minecraft:string":2,"minecraft:cobbled_deepslate":369,"minecraft:calcite":2,"minecraft:poppy":6,"minecraft:furnace":5,"minecraft:raw_iron":28,"minecraft:torch":7,"minecraft:diorite":49,"minecraft:carrot":110,"minecraft:rotten_flesh":10,"minecraft:arrow":4,"minecraft:beetroot_seeds":7,"minecraft:hay_block":1,"minecraft:mutton":10,"minecraft:white_wool":6,"minecraft:cobblestone":307,"minecraft:birch_log":7,"minecraft:andesite":30,"minecraft:potato":5,"minecraft:tuff":94,"minecraft:oak_log":25,"minecraft:lapis_lazuli":80,"minecraft:dirt":176,"minecraft:bone":9,"minecraft:wheat_seeds":8,"minecraft:bell":1,"minecraft:iron_ingot":15,"minecraft:oak_planks":1,"minecraft:smooth_basalt":2,"minecraft:birch_boat":2,"minecraft:dandelion":5,"minecraft:gravel":11,"minecraft:sand":53,"minecraft:white_bed":7,"minecraft:spider_eye":1,"minecraft:mossy_cobblestone":8,"minecraft:diamond":51,"minecraft:granite":5,"minecraft:oak_sapling":2,"minecraft:coal":21,"minecraft:ender_pearl":1},"minecraft:broken":{"minecraft:wooden_pickaxe":1,"minecraft:stone_pickaxe":3,"minecraft:stone_axe":1,"minecraft:iron_pickaxe":1,"minecraft:golden_pickaxe":1,"minecraft:stone_shovel":1},"minecraft:custom":{"minecraft:mob_kills":25,"minecraft:interact_with_crafting_table":26,"minecraft:time_since_death":68362,"minecraft:climb_one_cm":609,"minecraft:sprint_one_cm":119767,"minecraft:walk_one_cm":157364,"minecraft:damage_blocked_by_shield":854,"minecraft:drop":15,"minecraft:play_time":95970,"minecraft:deaths":1,"minecraft:sneak_time":25701,"minecraft:walk_under_water_one_cm":33,"minecraft:boat_one_cm":24963,"minecraft:jump":1452,"minecraft:walk_on_water_one_cm":1117,"minecraft:total_world_time":95970,"minecraft:interact_with_furnace":21,"minecraft:sleep_in_bed":4,"minecraft:time_since_rest":33031,"minecraft:damage_taken":800,"minecraft:damage_dealt":6581,"minecraft:fly_one_cm":234212,"minecraft:open_chest":20,"minecraft:crouch_one_cm":59535,"minecraft:fall_one_cm":34042},"minecraft:used":{"minecraft:oak_trapdoor":6,"minecraft:iron_shovel":92,"minecraft:stone_shovel":133,"minecraft:chest":2,"minecraft:shield":14,"minecraft:iron_sword":31,"minecraft:stone_hoe":84,"minecraft:torch":15,"minecraft:dirt":90,"minecraft:carrot":104,"minecraft:tuff":7,"minecraft:granite":1,"minecraft:glass":2,"minecraft:wooden_axe":44,"minecraft:diamond_chestplate":1,"minecraft:furnace":7,"minecraft:iron_leggings":1,"minecraft:cooked_mutton":9,"minecraft:water_bucket":1,"minecraft:birch_planks":7,"minecraft:stone_pickaxe":524,"minecraft:oak_planks":1,"minecraft:birch_boat":2,"minecraft:wooden_pickaxe":59,"minecraft:mossy_cobblestone":1,"minecraft:crafting_table":10,"minecraft:white_bed":8,"minecraft:iron_pickaxe":337,"minecraft:stone_axe":69,"minecraft:cobblestone":1,"minecraft:bucket":1,"minecraft:bone_meal":36,"minecraft:golden_pickaxe":104}},"DataVersion":4082}