{"stats":{"minecraft:custom":{"minecraft:time_since_rest":3426,"minecraft:interact_with_furnace":7,"minecraft:sprint_one_cm":18167,"minecraft:damage_taken":44,"minecraft:walk_one_cm":32558,"minecraft:mob_kills":4,"minecraft:damage_dealt":320,"minecraft:interact_with_crafting_table":11,"minecraft:fly_one_cm":35393,"minecraft:open_chest":1,"minecraft:crouch_one_cm":6496,"minecraft:play_time":23984,"minecraft:sneak_time":3370,"minecraft:walk_under_water_one_cm":33,"minecraft:boat_one_cm":24641,"minecraft:jump":186,"minecraft:time_since_death":23984,"minecraft:walk_on_water_one_cm":545,"minecraft:sleep_in_bed":2,"minecraft:total_world_time":23984,"minecraft:climb_one_cm":149,"minecraft:fall_one_cm":3657},"minecraft:picked_up":{"minecraft:birch_log":7,"minecraft:raw_iron":21,"minecraft:crafting_table":5,"minecraft:birch_boat":1,"minecraft:andesite":30,"minecraft:gravel":1,"minecraft:oak_log":20,"minecraft:diorite":36,"minecraft:white_bed":2,"minecraft:lapis_lazuli":65,"minecraft:dirt":6,"minecraft:diamond":8,"minecraft:cobbled_deepslate":8,"minecraft:granite":3,"minecraft:oak_sapling":2,"minecraft:mutton":5,"minecraft:coal":10,"minecraft:white_wool":3,"minecraft:cobblestone":219,"minecraft:furnace":2},"minecraft:killed":{"minecraft:sheep":3,"minecraft:silverfish":1},"minecraft:mined":{"minecraft:diamond_ore":8,"minecraft:white_bed":2,"minecraft:furnace":2,"minecraft:iron_ore":21,"minecraft:birch_log":7,"minecraft:andesite":30,"minecraft:crafting_table":5,"minecraft:granite":3,"minecraft:short_grass":1,"minecraft:coal_ore":10,"minecraft:grass_block":1,"minecraft:oak_log":20,"minecraft:gravel":1,"minecraft:dirt":5,"minecraft:infested_stone":3,"minecraft:lapis_ore":10,"minecraft:stone":220,"minecraft:deepslate":9,"minecraft:diorite":36,"minecraft:oak_leaves":7},"minecraft:broken":{"minecraft:stone_pickaxe":2,"minecraft:wooden_pickaxe":1},"minecraft:crafted":{"minecraft:oak_planks":80,"minecraft:crafting_table":1,"minecraft:stick":16,"minecraft:iron_pickaxe":1,"minecraft:iron_ingot":12,"minecraft:wooden_pickaxe":1,"minecraft:birch_boat":1,"minecraft:stone_pickaxe":3,"minecraft:wooden_axe":1,"minecraft:iron_leggings":1,"minecraft:furnace":2,"minecraft:white_bed":1,"minecraft:birch_planks":28,"minecraft:stone_axe":1,"minecraft:cooked_mutton":5,"minecraft:air":0},"minecraft:used":{"minecraft:wooden_axe":30,"minecraft:stone_pickaxe":280,"minecraft:iron_pickaxe":17,"minecraft:birch_boat":1,"minecraft:wooden_pickaxe":59,"minecraft:dirt":5,"minecraft:crafting_table":5,"minecraft:furnace":2,"minecraft:white_bed":2,"minecraft:iron_leggings":1}},"DataVersion":4082}