{"stats":{"minecraft:custom":{"minecraft:mob_kills":39,"minecraft:interact_with_crafting_table":28,"minecraft:leave_game":1,"minecraft:time_since_death":165,"minecraft:climb_one_cm":609,"minecraft:sprint_one_cm":177886,"minecraft:walk_one_cm":187083,"minecraft:damage_blocked_by_shield":1102,"minecraft:drop":15,"minecraft:play_time":112840,"minecraft:deaths":4,"minecraft:sneak_time":27146,"minecraft:walk_under_water_one_cm":681,"minecraft:boat_one_cm":24963,"minecraft:jump":2083,"minecraft:walk_on_water_one_cm":2784,"minecraft:total_world_time":112840,"minecraft:interact_with_furnace":21,"minecraft:sleep_in_bed":4,"minecraft:time_since_rest":196,"minecraft:damage_taken":1725,"minecraft:damage_dealt":8376,"minecraft:player_kills":1,"minecraft:swim_one_cm":2824,"minecraft:fly_one_cm":369416,"minecraft:open_chest":26,"minecraft:crouch_one_cm":65857,"minecraft:fall_one_cm":62909},"minecraft:dropped":{"minecraft:iron_ingot":2,"minecraft:diamond":3,"minecraft:crafting_table":1,"minecraft:white_wool":3,"minecraft:obsidian":3,"minecraft:raw_iron":9,"minecraft:rotten_flesh":3,"minecraft:beetroot_seeds":2},"minecraft:picked_up":{"minecraft:crafting_table":8,"minecraft:azure_bluet":1,"minecraft:oak_stairs":1,"minecraft:amethyst_block":4,"minecraft:oak_trapdoor":1,"minecraft:string":5,"minecraft:cat_spawn_egg":33,"minecraft:cobbled_deepslate":370,"minecraft:calcite":2,"minecraft:poppy":8,"minecraft:furnace":5,"minecraft:raw_iron":28,"minecraft:torch":7,"minecraft:diorite":49,"minecraft:carrot":110,"minecraft:arrow":6,"minecraft:rotten_flesh":11,"minecraft:beetroot_seeds":7,"minecraft:hay_block":1,"minecraft:mutton":26,"minecraft:white_wool":16,"minecraft:cobblestone":307,"minecraft:birch_log":7,"minecraft:andesite":30,"minecraft:potato":5,"minecraft:tuff":94,"minecraft:oak_log":25,"minecraft:lapis_lazuli":80,"minecraft:dirt":181,"minecraft:bone":13,"minecraft:wheat_seeds":8,"minecraft:bell":1,"minecraft:iron_ingot":19,"minecraft:oak_planks":1,"minecraft:smooth_basalt":2,"minecraft:birch_boat":2,"minecraft:dandelion":5,"minecraft:gravel":11,"minecraft:sand":53,"minecraft:white_bed":7,"minecraft:spider_eye":1,"minecraft:mossy_cobblestone":8,"minecraft:diamond_shovel":1,"minecraft:diamond":51,"minecraft:granite":5,"minecraft:oak_sapling":2,"minecraft:coal":21,"minecraft:ender_pearl":1},"minecraft:killed":{"minecraft:spider":2,"minecraft:skeleton":6,"minecraft:silverfish":1,"minecraft:iron_golem":4,"minecraft:sheep":16,"minecraft:zombie":8,"minecraft:enderman":1},"minecraft:mined":{"minecraft:diamond_ore":8,"minecraft:large_amethyst_bud":1,"minecraft:tuff":94,"minecraft:white_bed":7,"minecraft:mossy_cobblestone":10,"minecraft:deepslate_diamond_ore":43,"minecraft:granite":5,"minecraft:budding_amethyst":4,"minecraft:grass_block":94,"minecraft:hay_block":1,"minecraft:oak_trapdoor":1,"minecraft:furnace":5,"minecraft:carrots":30,"minecraft:iron_ore":22,"minecraft:cobbled_deepslate":1,"minecraft:andesite":30,"minecraft:deepslate_lapis_ore":2,"minecraft:potatoes":1,"minecraft:dirt_path":34,"minecraft:deepslate_iron_ore":6,"minecraft:oak_stairs":1,"minecraft:small_amethyst_bud":1,"minecraft:stone":306,"minecraft:tripwire":1,"minecraft:medium_amethyst_bud":2,"minecraft:crafting_table":8,"minecraft:torch":4,"minecraft:short_grass":19,"minecraft:calcite":2,"minecraft:cobblestone":3,"minecraft:tall_grass":5,"minecraft:lapis_ore":10,"minecraft:oak_planks":1,"minecraft:diorite":49,"minecraft:wall_torch":3,"minecraft:amethyst_block":4,"minecraft:birch_log":7,"minecraft:wheat":1,"minecraft:oak_log":25,"minecraft:coal_ore":21,"minecraft:gravel":11,"minecraft:sand":53,"minecraft:dirt":54,"minecraft:smooth_basalt":2,"minecraft:infested_stone":3,"minecraft:deepslate":371,"minecraft:oak_leaves":7},"minecraft:broken":{"minecraft:wooden_pickaxe":1,"minecraft:stone_pickaxe":3,"minecraft:stone_axe":1,"minecraft:iron_pickaxe":1,"minecraft:golden_pickaxe":1,"minecraft:stone_shovel":1},"minecraft:crafted":{"minecraft:cobbled_deepslate_slab":120,"minecraft:oak_planks":100,"minecraft:stone_shovel":1,"minecraft:birch_boat":1,"minecraft:furnace":4,"minecraft:bone_meal":36,"minecraft:cooked_mutton":10,"minecraft:oak_trapdoor":6,"minecraft:glass":9,"minecraft:stone_pickaxe":5,"minecraft:chest":2,"minecraft:stone_hoe":1,"minecraft:crafting_table":3,"minecraft:wooden_pickaxe":1,"minecraft:iron_sword":1,"minecraft:bucket":1,"minecraft:birch_planks":28,"minecraft:stone_axe":1,"minecraft:air":0,"minecraft:white_wool":2,"minecraft:shield":1,"minecraft:stick":28,"minecraft:iron_ingot":16,"minecraft:iron_pickaxe":2,"minecraft:wooden_axe":1,"minecraft:iron_shovel":1,"minecraft:iron_leggings":1,"minecraft:white_bed":1,"minecraft:torch":8,"minecraft:diamond_chestplate":1},"minecraft:used":{"minecraft:oak_trapdoor":6,"minecraft:iron_shovel":92,"minecraft:stone_shovel":133,"minecraft:chest":2,"minecraft:shield":23,"minecraft:iron_sword":65,"minecraft:stone_hoe":84,"minecraft:torch":15,"minecraft:dirt":174,"minecraft:carrot":118,"minecraft:tuff":7,"minecraft:granite":1,"minecraft:glass":2,"minecraft:wooden_axe":44,"minecraft:diamond_chestplate":1,"minecraft:furnace":7,"minecraft:cobbled_deepslate":65,"minecraft:iron_leggings":1,"minecraft:cooked_mutton":10,"minecraft:water_bucket":6,"minecraft:birch_planks":7,"minecraft:stone_pickaxe":524,"minecraft:oak_planks":1,"minecraft:wooden_pickaxe":59,"minecraft:birch_boat":2,"minecraft:mossy_cobblestone":1,"minecraft:crafting_table":10,"minecraft:white_bed":8,"minecraft:string":1,"minecraft:iron_pickaxe":338,"minecraft:stone_axe":69,"minecraft:cobblestone":1,"minecraft:cobbled_deepslate_slab":21,"minecraft:bucket":7,"minecraft:bone_meal":36,"minecraft:golden_pickaxe":104},"minecraft:killed_by":{"minecraft:player":1,"minecraft:zombie":2}},"DataVersion":4082}