{"stats":{"minecraft:dropped":{"minecraft:iron_ingot":2,"minecraft:diamond":3,"minecraft:crafting_table":1,"minecraft:obsidian":3,"minecraft:raw_iron":9,"minecraft:rotten_flesh":3,"minecraft:beetroot_seeds":2,"minecraft:white_wool":3},"minecraft:killed_by":{"minecraft:zombie":1},"minecraft:killed":{"minecraft:spider":2,"minecraft:iron_golem":3,"minecraft:sheep":6,"minecraft:skeleton":5,"minecraft:zombie":4,"minecraft:silverfish":1},"minecraft:crafted":{"minecraft:oak_planks":100,"minecraft:stone_shovel":1,"minecraft:crafting_table":3,"minecraft:wooden_pickaxe":1,"minecraft:birch_boat":1,"minecraft:furnace":4,"minecraft:birch_planks":28,"minecraft:stone_axe":1,"minecraft:oak_trapdoor":6,"minecraft:cooked_mutton":10,"minecraft:air":0,"minecraft:shield":1,"minecraft:stick":28,"minecraft:iron_ingot":16,"minecraft:stone_pickaxe":5,"minecraft:iron_pickaxe":2,"minecraft:wooden_axe":1,"minecraft:chest":2,"minecraft:iron_leggings":1,"minecraft:white_bed":1,"minecraft:torch":8,"minecraft:diamond_chestplate":1},"minecraft:mined":{"minecraft:large_amethyst_bud":1,"minecraft:diamond_ore":8,"minecraft:tuff":94,"minecraft:white_bed":6,"minecraft:mossy_cobblestone":10,"minecraft:deepslate_diamond_ore":43,"minecraft:medium_amethyst_bud":2,"minecraft:crafting_table":8,"minecraft:torch":2,"minecraft:granite":5,"minecraft:budding_amethyst":4,"minecraft:short_grass":7,"minecraft:grass_block":14,"minecraft:calcite":2,"minecraft:cobblestone":2,"minecraft:lapis_ore":10,"minecraft:oak_planks":1,"minecraft:diorite":49,"minecraft:wall_torch":2,"minecraft:amethyst_block":4,"minecraft:hay_block":1,"minecraft:oak_trapdoor":1,"minecraft:furnace":5,"minecraft:birch_log":7,"minecraft:iron_ore":22,"minecraft:andesite":30,"minecraft:deepslate_lapis_ore":2,"minecraft:dirt_path":33,"minecraft:coal_ore":12,"minecraft:oak_log":25,"minecraft:deepslate_iron_ore":6,"minecraft:small_amethyst_bud":1,"minecraft:oak_stairs":1,"minecraft:gravel":11,"minecraft:dirt":39,"minecraft:smooth_basalt":2,"minecraft:stone":304,"minecraft:infested_stone":3,"minecraft:oak_leaves":7,"minecraft:deepslate":371},"minecraft:picked_up":{"minecraft:birch_log":7,"minecraft:crafting_table":8,"minecraft:andesite":30,"minecraft:oak_stairs":1,"minecraft:tuff":94,"minecraft:oak_log":25,"minecraft:amethyst_block":4,"minecraft:lapis_lazuli":80,"minecraft:oak_trapdoor":1,"minecraft:dirt":86,"minecraft:bone":9,"minecraft:wheat_seeds":1,"minecraft:cobbled_deepslate":369,"minecraft:bell":1,"minecraft:iron_ingot":11,"minecraft:calcite":2,"minecraft:poppy":4,"minecraft:oak_planks":1,"minecraft:furnace":5,"minecraft:raw_iron":28,"minecraft:smooth_basalt":2,"minecraft:birch_boat":1,"minecraft:torch":4,"minecraft:gravel":11,"minecraft:diorite":49,"minecraft:white_bed":6,"minecraft:carrot":1,"minecraft:spider_eye":1,"minecraft:mossy_cobblestone":8,"minecraft:arrow":4,"minecraft:rotten_flesh":5,"minecraft:diamond":51,"minecraft:beetroot_seeds":3,"minecraft:hay_block":1,"minecraft:granite":5,"minecraft:oak_sapling":2,"minecraft:mutton":10,"minecraft:coal":12,"minecraft:white_wool":6,"minecraft:cobblestone":304},"minecraft:custom":{"minecraft:interact_with_furnace":17,"minecraft:mob_kills":21,"minecraft:interact_with_crafting_table":21,"minecraft:time_since_death":50362,"minecraft:sleep_in_bed":4,"minecraft:climb_one_cm":609,"minecraft:time_since_rest":15031,"minecraft:sprint_one_cm":78560,"minecraft:damage_taken":770,"minecraft:walk_one_cm":109172,"minecraft:damage_blocked_by_shield":854,"minecraft:drop":15,"minecraft:damage_dealt":5467,"minecraft:fly_one_cm":166198,"minecraft:open_chest":13,"minecraft:crouch_one_cm":49308,"minecraft:play_time":77970,"minecraft:deaths":1,"minecraft:sneak_time":23210,"minecraft:walk_under_water_one_cm":33,"minecraft:boat_one_cm":24641,"minecraft:jump":1091,"minecraft:walk_on_water_one_cm":953,"minecraft:total_world_time":77970,"minecraft:fall_one_cm":24357},"minecraft:broken":{"minecraft:stone_pickaxe":3,"minecraft:stone_axe":1,"minecraft:iron_pickaxe":1,"minecraft:golden_pickaxe":1,"minecraft:wooden_pickaxe":1},"minecraft:used":{"minecraft:oak_trapdoor":6,"minecraft:cooked_mutton":9,"minecraft:birch_planks":7,"minecraft:stone_shovel":79,"minecraft:stone_pickaxe":524,"minecraft:oak_planks":1,"minecraft:shield":14,"minecraft:chest":2,"minecraft:wooden_pickaxe":59,"minecraft:birch_boat":1,"minecraft:torch":10,"minecraft:mossy_cobblestone":1,"minecraft:dirt":67,"minecraft:crafting_table":10,"minecraft:carrot":1,"minecraft:white_bed":7,"minecraft:tuff":7,"minecraft:granite":1,"minecraft:wooden_axe":44,"minecraft:iron_pickaxe":325,"minecraft:stone_axe":69,"minecraft:diamond_chestplate":1,"minecraft:furnace":7,"minecraft:golden_pickaxe":104,"minecraft:iron_leggings":1}},"DataVersion":4082}