{"stats":{"minecraft:dropped":{"minecraft:iron_ingot":2,"minecraft:diamond":3,"minecraft:crafting_table":1,"minecraft:obsidian":3,"minecraft:raw_iron":9},"minecraft:killed":{"minecraft:sheep":3,"minecraft:silverfish":1},"minecraft:killed_by":{"minecraft:zombie":1},"minecraft:crafted":{"minecraft:oak_planks":80,"minecraft:crafting_table":3,"minecraft:wooden_pickaxe":1,"minecraft:birch_boat":1,"minecraft:furnace":4,"minecraft:birch_planks":28,"minecraft:stone_axe":1,"minecraft:cooked_mutton":5,"minecraft:air":0,"minecraft:stick":20,"minecraft:iron_ingot":12,"minecraft:stone_pickaxe":5,"minecraft:iron_pickaxe":1,"minecraft:wooden_axe":1,"minecraft:chest":2,"minecraft:iron_leggings":1,"minecraft:white_bed":1,"minecraft:torch":8,"minecraft:diamond_chestplate":1},"minecraft:mined":{"minecraft:diamond_ore":8,"minecraft:tuff":52,"minecraft:white_bed":2,"minecraft:mossy_cobblestone":2,"minecraft:deepslate_diamond_ore":24,"minecraft:crafting_table":6,"minecraft:torch":2,"minecraft:granite":5,"minecraft:short_grass":1,"minecraft:grass_block":2,"minecraft:cobblestone":2,"minecraft:lapis_ore":10,"minecraft:diorite":49,"minecraft:wall_torch":1,"minecraft:furnace":2,"minecraft:birch_log":7,"minecraft:iron_ore":22,"minecraft:andesite":30,"minecraft:deepslate_lapis_ore":2,"minecraft:coal_ore":12,"minecraft:oak_log":25,"minecraft:oak_stairs":1,"minecraft:gravel":8,"minecraft:dirt":10,"minecraft:stone":304,"minecraft:infested_stone":3,"minecraft:oak_leaves":7,"minecraft:deepslate":230},"minecraft:picked_up":{"minecraft:birch_log":7,"minecraft:crafting_table":6,"minecraft:andesite":30,"minecraft:oak_stairs":1,"minecraft:tuff":52,"minecraft:oak_log":25,"minecraft:lapis_lazuli":80,"minecraft:dirt":12,"minecraft:cobbled_deepslate":227,"minecraft:furnace":2,"minecraft:raw_iron":22,"minecraft:birch_boat":1,"minecraft:torch":3,"minecraft:gravel":7,"minecraft:diorite":49,"minecraft:white_bed":2,"minecraft:mossy_cobblestone":2,"minecraft:diamond":32,"minecraft:granite":5,"minecraft:oak_sapling":2,"minecraft:mutton":5,"minecraft:coal":12,"minecraft:white_wool":3,"minecraft:cobblestone":304},"minecraft:custom":{"minecraft:interact_with_furnace":8,"minecraft:mob_kills":4,"minecraft:interact_with_crafting_table":15,"minecraft:time_since_death":14362,"minecraft:sleep_in_bed":2,"minecraft:climb_one_cm":149,"minecraft:time_since_rest":14386,"minecraft:sprint_one_cm":29082,"minecraft:damage_taken":394,"minecraft:walk_one_cm":44278,"minecraft:drop":9,"minecraft:damage_dealt":428,"minecraft:fly_one_cm":66878,"minecraft:open_chest":3,"minecraft:crouch_one_cm":28400,"minecraft:play_time":41970,"minecraft:deaths":1,"minecraft:sneak_time":13555,"minecraft:walk_under_water_one_cm":33,"minecraft:boat_one_cm":24641,"minecraft:jump":396,"minecraft:walk_on_water_one_cm":545,"minecraft:total_world_time":41970,"minecraft:fall_one_cm":9654},"minecraft:broken":{"minecraft:stone_pickaxe":3,"minecraft:golden_pickaxe":1,"minecraft:wooden_pickaxe":1},"minecraft:used":{"minecraft:cooked_mutton":2,"minecraft:birch_planks":7,"minecraft:stone_pickaxe":441,"minecraft:chest":2,"minecraft:wooden_pickaxe":59,"minecraft:birch_boat":1,"minecraft:torch":3,"minecraft:dirt":7,"minecraft:crafting_table":8,"minecraft:white_bed":3,"minecraft:granite":1,"minecraft:wooden_axe":38,"minecraft:iron_pickaxe":167,"minecraft:diamond_chestplate":1,"minecraft:furnace":3,"minecraft:golden_pickaxe":104,"minecraft:iron_leggings":1}},"DataVersion":4082}