{"stats":{"minecraft:killed":{"minecraft:zombie":10,"minecraft:skeleton":3,"minecraft:creeper":2,"minecraft:chicken":2,"minecraft:sheep":1,"minecraft:iron_golem":3},"minecraft:mined":{"minecraft:wildflowers":6,"minecraft:dark_oak_log":62,"minecraft:dirt":25,"minecraft:bush":1,"minecraft:birch_leaves":33,"minecraft:coal_ore":16,"minecraft:grass_block":25,"minecraft:cobblestone":1,"minecraft:mushroom_stem":5,"minecraft:short_grass":8,"minecraft:red_mushroom_block":46,"minecraft:dark_oak_leaves":2,"minecraft:furnace":1,"minecraft:crafting_table":1,"minecraft:birch_log":31,"minecraft:leaf_litter":11,"minecraft:oak_log":6,"minecraft:birch_planks":6,"minecraft:coarse_dirt":6,"minecraft:dark_oak_planks":41,"minecraft:iron_ore":10,"minecraft:acacia_log":4,"minecraft:stone":68},"minecraft:used":{"minecraft:grass_block":154,"minecraft:iron_axe":240,"minecraft:repeater":20,"minecraft:netherite_sword":53,"minecraft:iron_pickaxe":24,"minecraft:diamond_sword":6,"minecraft:netherite_axe":16,"minecraft:dark_oak_log":6,"minecraft:firework_rocket":14,"minecraft:tnt":59,"minecraft:elytra":1,"minecraft:cooked_mutton":1,"minecraft:glass":323,"minecraft:oak_sign":25,"minecraft:ladder":3,"minecraft:dark_oak_stairs":15,"minecraft:stripped_pale_oak_wood":2993,"minecraft:coarse_dirt":6,"minecraft:piston":4,"minecraft:lava_bucket":5,"minecraft:redstone":6,"minecraft:wooden_pickaxe":24,"minecraft:diamond_leggings":1,"minecraft:oak_log":6,"minecraft:cobblestone":25,"minecraft:hopper":48,"minecraft:polished_andesite":465,"minecraft:villager_spawn_egg":12,"minecraft:smooth_quartz":80,"minecraft:crafting_table":3,"minecraft:iron_chestplate":2,"minecraft:red_mushroom":8,"minecraft:stone_pickaxe":88,"minecraft:spruce_log":23,"minecraft:stone_hoe":82,"minecraft:birch_planks":436,"minecraft:water_bucket":6,"minecraft:iron_golem_spawn_egg":64,"minecraft:dark_oak_planks":205,"minecraft:anvil":2,"minecraft:furnace":2,"minecraft:gray_concrete":336,"minecraft:torch":18,"minecraft:dirt":265,"minecraft:black_bed":13,"minecraft:iron_boots":2,"minecraft:chicken":1,"minecraft:composter":16,"minecraft:birch_log":1,"minecraft:cooked_chicken":1,"minecraft:redstone_torch":5,"minecraft:flint_and_steel":11,"minecraft:chest":66,"minecraft:oak_planks":492,"minecraft:zombie_spawn_egg":4},"minecraft:picked_up":{"minecraft:polished_andesite":2,"minecraft:cobblestone":215,"minecraft:glass":2,"minecraft:composter":3,"minecraft:sugar_cane":24,"minecraft:redstone":1,"minecraft:stone_pickaxe":3,"minecraft:iron_golem_spawn_egg":1,"minecraft:stick":3,"minecraft:redstone_torch":1,"minecraft:wildflowers":48,"minecraft:chicken":2,"minecraft:stripped_pale_oak_wood":4,"minecraft:diamond_boots":1,"minecraft:iron_axe":1,"minecraft:iron_ingot":121,"minecraft:dark_oak_planks":61,"minecraft:raw_iron":10,"minecraft:diamond_chestplate":1,"minecraft:stone_axe":1,"minecraft:acacia_log":4,"minecraft:firework_rocket":66,"minecraft:dandelion":1,"minecraft:lava_bucket":1,"minecraft:mutton":1,"minecraft:chest":1,"minecraft:elytra":1,"minecraft:acacia_planks":26,"minecraft:diamond_leggings":2,"minecraft:iron_chestplate":1,"minecraft:netherite_sword":1,"minecraft:dirt":129,"minecraft:coarse_dirt":6,"minecraft:diamond_helmet":1,"minecraft:torch":2,"minecraft:diamond_pickaxe":1,"minecraft:gray_concrete":1,"minecraft:iron_boots":2,"minecraft:leaf_litter":33,"minecraft:coal":16,"minecraft:oak_log":7,"minecraft:phantom_membrane":12,"minecraft:grass_block":1,"minecraft:dark_oak_stairs":3,"minecraft:birch_planks":12,"minecraft:birch_log":32,"minecraft:furnace":2,"minecraft:wheat_seeds":82,"minecraft:black_bed":4,"minecraft:iron_pickaxe":1,"minecraft:dark_oak_log":59,"minecraft:netherite_axe":1,"minecraft:egg":1,"minecraft:diorite":1,"minecraft:wooden_pickaxe":1,"minecraft:birch_sapling":3,"minecraft:poppy":34,"minecraft:oak_planks":6,"minecraft:crafting_table":3,"minecraft:red_mushroom":13,"minecraft:raw_copper":21,"minecraft:zombie_spawn_egg":1,"minecraft:andesite":10,"minecraft:rotten_flesh":9,"minecraft:string":1,"minecraft:cornflower":3},"minecraft:killed_by":{"minecraft:creeper":1},"minecraft:crafted":{"minecraft:furnace":1,"minecraft:ladder":3,"minecraft:dark_oak_planks":224,"minecraft:iron_ingot":20,"minecraft:cooked_chicken":1,"minecraft:birch_planks":84,"minecraft:stone_pickaxe":1,"minecraft:cooked_mutton":1,"minecraft:iron_chestplate":1,"minecraft:iron_boots":1,"minecraft:dark_oak_stairs":28,"minecraft:crafting_table":1,"minecraft:stick":20,"minecraft:wooden_pickaxe":1,"minecraft:shield":1,"minecraft:stone_axe":3,"minecraft:oak_planks":4,"minecraft:iron_pickaxe":1,"minecraft:acacia_planks":16,"minecraft:iron_axe":1},"minecraft:dropped":{"minecraft:rotten_flesh":3,"minecraft:zombie_spawn_egg":2,"minecraft:oak_planks":2,"minecraft:lava_bucket":2,"minecraft:repeater":2,"minecraft:birch_planks":3,"minecraft:red_mushroom":5,"minecraft:glass":3,"minecraft:firework_rocket":67,"minecraft:egg":1,"minecraft:poppy":2,"minecraft:sugar_cane":0,"minecraft:stripped_pale_oak_wood":4,"minecraft:wheat_seeds":57,"minecraft:iron_ingot":2,"minecraft:diamond_leggings":2,"minecraft:chest":2,"minecraft:villager_spawn_egg":1,"minecraft:piston":1,"minecraft:diamond":0,"minecraft:composter":3,"minecraft:stone_pickaxe":2,"minecraft:iron_golem_spawn_egg":3,"minecraft:coal":0,"minecraft:black_bed":4,"minecraft:cornflower":1,"minecraft:netherite_sword":3,"minecraft:redstone":1,"minecraft:grass_block":1,"minecraft:diamond_pickaxe":0,"minecraft:hopper":1,"minecraft:furnace":0,"minecraft:oak_sign":3,"minecraft:acacia_planks":9,"minecraft:netherite_axe":2,"minecraft:phantom_membrane":0,"minecraft:oak_trapdoor":1,"minecraft:redstone_torch":2,"minecraft:polished_andesite":5,"minecraft:stone_axe":1,"minecraft:iron_boots":2,"minecraft:gray_concrete":1,"minecraft:dark_oak_stairs":3},"minecraft:broken":{"minecraft:iron_axe":1},"minecraft:custom":{"minecraft:eat_cake_slice":1,"minecraft:time_since_rest":88444,"minecraft:leave_game":15,"minecraft:damage_taken":827,"minecraft:mob_kills":23,"minecraft:time_since_death":339565,"minecraft:aviate_one_cm":32730,"minecraft:open_enderchest":1,"minecraft:interact_with_furnace":14,"minecraft:sleep_in_bed":15,"minecraft:swim_one_cm":11440,"minecraft:total_world_time":416226,"minecraft:crouch_one_cm":597,"minecraft:deaths":2,"minecraft:climb_one_cm":1614,"minecraft:player_kills":3,"minecraft:interact_with_crafting_table":22,"minecraft:walk_one_cm":801008,"minecraft:walk_under_water_one_cm":8265,"minecraft:damage_dealt":6408,"minecraft:play_time":416226,"minecraft:jump":1985,"minecraft:drop":149,"minecraft:bell_ring":1,"minecraft:open_barrel":3,"minecraft:sprint_one_cm":115003,"minecraft:open_chest":95,"minecraft:inspect_hopper":15,"minecraft:fall_one_cm":21376,"minecraft:fly_one_cm":765475,"minecraft:interact_with_anvil":3,"minecraft:walk_on_water_one_cm":15015,"minecraft:sneak_time":2620,"minecraft:interact_with_blast_furnace":2}},"DataVersion":4325}