{"stats":{"minecraft:killed_by":{"minecraft:skeleton":1,"minecraft:zombie":1},"minecraft:crafted":{"minecraft:oak_planks":16,"minecraft:crafting_table":2,"minecraft:stick":8,"minecraft:iron_pickaxe":1,"minecraft:wooden_pickaxe":1,"minecraft:iron_ingot":4,"minecraft:stone_pickaxe":2,"minecraft:furnace":1},"minecraft:mined":{"minecraft:tuff":23,"minecraft:deepslate_diamond_ore":17,"minecraft:iron_ore":23,"minecraft:crafting_table":2,"minecraft:granite":9,"minecraft:short_grass":2,"minecraft:oak_log":4,"minecraft:grass_block":1,"minecraft:coal_ore":19,"minecraft:dirt":2,"minecraft:cobblestone":7,"minecraft:stone":139,"minecraft:diorite":6,"minecraft:oak_leaves":8,"minecraft:deepslate":32},"minecraft:picked_up":{"minecraft:crafting_table":2,"minecraft:raw_iron":23,"minecraft:tuff":23,"minecraft:oak_log":4,"minecraft:diorite":6,"minecraft:dirt":3,"minecraft:apple":1,"minecraft:diamond":17,"minecraft:cobbled_deepslate":32,"minecraft:granite":9,"minecraft:coal":19,"minecraft:cobblestone":146},"minecraft:custom":{"minecraft:time_since_rest":15973,"minecraft:interact_with_furnace":2,"minecraft:sprint_one_cm":18326,"minecraft:damage_taken":679,"minecraft:walk_one_cm":22826,"minecraft:damage_dealt":169,"minecraft:interact_with_crafting_table":4,"minecraft:fly_one_cm":8605,"minecraft:play_time":17964,"minecraft:deaths":2,"minecraft:walk_under_water_one_cm":264,"minecraft:jump":168,"minecraft:time_since_death":15943,"minecraft:walk_on_water_one_cm":544,"minecraft:total_world_time":17964,"minecraft:fall_one_cm":2694},"minecraft:broken":{"minecraft:stone_pickaxe":1},"minecraft:used":{"minecraft:apple":1,"minecraft:stone_pickaxe":249,"minecraft:iron_pickaxe":17,"minecraft:wooden_pickaxe":10,"minecraft:dirt":3,"minecraft:cobblestone":66,"minecraft:crafting_table":4,"minecraft:furnace":1}},"DataVersion":4082}