{"stats":{"minecraft:killed_by":{"minecraft:skeleton":3,"minecraft:creeper":1,"minecraft:zombie":2},"minecraft:killed":{"minecraft:spider":1,"minecraft:sheep":7,"minecraft:skeleton":1,"minecraft:cow":4},"minecraft:crafted":{"minecraft:oak_planks":24,"minecraft:diamond_axe":1,"minecraft:crafting_table":2,"minecraft:wooden_pickaxe":1,"minecraft:iron_helmet":1,"minecraft:furnace":1,"minecraft:cooked_mutton":5,"minecraft:iron_chestplate":1,"minecraft:diamond_pickaxe":1,"minecraft:stick":20,"minecraft:iron_ingot":29,"minecraft:iron_pickaxe":1,"minecraft:stone_pickaxe":2,"minecraft:white_bed":1,"minecraft:torch":12},"minecraft:mined":{"minecraft:tuff":23,"minecraft:white_bed":1,"minecraft:deepslate_diamond_ore":17,"minecraft:crafting_table":6,"minecraft:granite":9,"minecraft:short_grass":2,"minecraft:grass_block":4,"minecraft:cobblestone":10,"minecraft:diorite":6,"minecraft:furnace":2,"minecraft:iron_ore":29,"minecraft:birch_leaves":6,"minecraft:oak_log":6,"minecraft:coal_ore":19,"minecraft:dirt":11,"minecraft:stone":148,"minecraft:oak_leaves":33,"minecraft:deepslate":32},"minecraft:picked_up":{"minecraft:crafting_table":6,"minecraft:leather":7,"minecraft:tuff":23,"minecraft:oak_log":6,"minecraft:dirt":15,"minecraft:bone":1,"minecraft:apple":1,"minecraft:cobbled_deepslate":32,"minecraft:beef":6,"minecraft:light_gray_wool":1,"minecraft:furnace":2,"minecraft:raw_iron":29,"minecraft:stick":2,"minecraft:diorite":6,"minecraft:white_bed":1,"minecraft:arrow":2,"minecraft:diamond":17,"minecraft:granite":9,"minecraft:oak_sapling":1,"minecraft:black_wool":2,"minecraft:mutton":11,"minecraft:coal":34,"minecraft:white_wool":4,"minecraft:cobblestone":158},"minecraft:custom":{"minecraft:interact_with_furnace":14,"minecraft:mob_kills":13,"minecraft:interact_with_crafting_table":17,"minecraft:leave_game":2,"minecraft:time_since_death":22500,"minecraft:sleep_in_bed":1,"minecraft:time_since_rest":5665,"minecraft:sprint_one_cm":211148,"minecraft:damage_taken":2426,"minecraft:walk_one_cm":97282,"minecraft:damage_dealt":1850,"minecraft:swim_one_cm":99954,"minecraft:fly_one_cm":43951,"minecraft:play_time":57812,"minecraft:deaths":8,"minecraft:walk_under_water_one_cm":2536,"minecraft:jump":639,"minecraft:walk_on_water_one_cm":28938,"minecraft:total_world_time":57812,"minecraft:fall_one_cm":13950},"minecraft:broken":{"minecraft:stone_pickaxe":1},"minecraft:used":{"minecraft:diorite":4,"minecraft:stone_pickaxe":261,"minecraft:wooden_pickaxe":10,"minecraft:diamond_axe":40,"minecraft:iron_chestplate":1,"minecraft:torch":1,"minecraft:dirt":3,"minecraft:mutton":6,"minecraft:crafting_table":7,"minecraft:white_bed":1,"minecraft:granite":9,"minecraft:apple":1,"minecraft:iron_pickaxe":31,"minecraft:iron_helmet":1,"minecraft:cobblestone":141,"minecraft:beef":6,"minecraft:furnace":2}},"DataVersion":4082}