{"stats":{"minecraft:killed_by":{"minecraft:skeleton":3,"minecraft:creeper":1,"minecraft:zombie":2},"minecraft:killed":{"minecraft:spider":1,"minecraft:sheep":7,"minecraft:skeleton":1,"minecraft:cow":4},"minecraft:crafted":{"minecraft:oak_planks":24,"minecraft:diamond_axe":1,"minecraft:crafting_table":2,"minecraft:wooden_pickaxe":1,"minecraft:iron_helmet":1,"minecraft:furnace":1,"minecraft:cooked_mutton":5,"minecraft:iron_chestplate":1,"minecraft:diamond_pickaxe":1,"minecraft:stick":20,"minecraft:iron_ingot":29,"minecraft:iron_pickaxe":1,"minecraft:stone_pickaxe":2,"minecraft:white_bed":1,"minecraft:torch":12},"minecraft:mined":{"minecraft:deepslate_redstone_ore":6,"minecraft:tuff":27,"minecraft:white_bed":1,"minecraft:deepslate_diamond_ore":40,"minecraft:crafting_table":6,"minecraft:granite":13,"minecraft:short_grass":2,"minecraft:grass_block":5,"minecraft:cobblestone":10,"minecraft:diorite":22,"minecraft:furnace":2,"minecraft:iron_ore":46,"minecraft:andesite":4,"minecraft:birch_leaves":6,"minecraft:coal_ore":19,"minecraft:oak_log":6,"minecraft:deepslate_iron_ore":2,"minecraft:gravel":3,"minecraft:dirt":25,"minecraft:stone":217,"minecraft:oak_leaves":33,"minecraft:deepslate":174},"minecraft:picked_up":{"minecraft:crafting_table":6,"minecraft:andesite":4,"minecraft:leather":7,"minecraft:tuff":27,"minecraft:oak_log":6,"minecraft:oak_trapdoor":1,"minecraft:dirt":38,"minecraft:iron_shovel":1,"minecraft:bone":1,"minecraft:apple":1,"minecraft:cobbled_deepslate":174,"minecraft:beef":6,"minecraft:light_gray_wool":1,"minecraft:furnace":2,"minecraft:raw_iron":48,"minecraft:stick":2,"minecraft:gravel":3,"minecraft:diorite":22,"minecraft:white_bed":1,"minecraft:redstone":27,"minecraft:arrow":3,"minecraft:diamond":40,"minecraft:granite":13,"minecraft:oak_sapling":1,"minecraft:black_wool":2,"minecraft:mutton":11,"minecraft:coal":34,"minecraft:white_wool":4,"minecraft:cobblestone":227},"minecraft:custom":{"minecraft:interact_with_furnace":14,"minecraft:mob_kills":13,"minecraft:interact_with_crafting_table":17,"minecraft:leave_game":2,"minecraft:time_since_death":34484,"minecraft:sleep_in_bed":1,"minecraft:time_since_rest":17649,"minecraft:sprint_one_cm":230961,"minecraft:damage_taken":2486,"minecraft:walk_one_cm":120642,"minecraft:damage_dealt":1850,"minecraft:swim_one_cm":99954,"minecraft:fly_one_cm":50623,"minecraft:open_chest":1,"minecraft:play_time":69796,"minecraft:deaths":8,"minecraft:walk_under_water_one_cm":2536,"minecraft:jump":694,"minecraft:walk_on_water_one_cm":28938,"minecraft:total_world_time":69796,"minecraft:fall_one_cm":15631},"minecraft:broken":{"minecraft:stone_pickaxe":2},"minecraft:used":{"minecraft:cooked_mutton":2,"minecraft:diorite":4,"minecraft:iron_shovel":12,"minecraft:stone_pickaxe":262,"minecraft:wooden_pickaxe":10,"minecraft:diamond_axe":40,"minecraft:iron_chestplate":1,"minecraft:torch":1,"minecraft:dirt":3,"minecraft:mutton":6,"minecraft:crafting_table":7,"minecraft:white_bed":2,"minecraft:granite":9,"minecraft:diamond_pickaxe":81,"minecraft:apple":1,"minecraft:iron_pickaxe":242,"minecraft:iron_helmet":1,"minecraft:cobblestone":142,"minecraft:beef":6,"minecraft:furnace":2}},"DataVersion":4082}