{"stats":{"minecraft:killed_by":{"minecraft:skeleton":3,"minecraft:creeper":1,"minecraft:zombie":2},"minecraft:killed":{"minecraft:skeleton":1,"minecraft:sheep":4,"minecraft:spider":1,"minecraft:cow":4},"minecraft:crafted":{"minecraft:oak_planks":24,"minecraft:iron_chestplate":1,"minecraft:diamond_pickaxe":1,"minecraft:diamond_axe":1,"minecraft:crafting_table":2,"minecraft:stick":16,"minecraft:iron_helmet":1,"minecraft:iron_pickaxe":1,"minecraft:wooden_pickaxe":1,"minecraft:iron_ingot":23,"minecraft:stone_pickaxe":2,"minecraft:furnace":1},"minecraft:mined":{"minecraft:tuff":23,"minecraft:furnace":1,"minecraft:deepslate_diamond_ore":17,"minecraft:iron_ore":23,"minecraft:birch_leaves":4,"minecraft:crafting_table":4,"minecraft:granite":9,"minecraft:short_grass":2,"minecraft:oak_log":6,"minecraft:grass_block":3,"minecraft:coal_ore":19,"minecraft:dirt":4,"minecraft:cobblestone":9,"minecraft:stone":148,"minecraft:diorite":6,"minecraft:oak_leaves":29,"minecraft:deepslate":32},"minecraft:picked_up":{"minecraft:stick":2,"minecraft:crafting_table":4,"minecraft:raw_iron":23,"minecraft:leather":7,"minecraft:tuff":23,"minecraft:oak_log":6,"minecraft:diorite":6,"minecraft:dirt":7,"minecraft:bone":1,"minecraft:arrow":2,"minecraft:apple":1,"minecraft:diamond":17,"minecraft:cobbled_deepslate":32,"minecraft:beef":6,"minecraft:granite":9,"minecraft:oak_sapling":1,"minecraft:light_gray_wool":1,"minecraft:mutton":6,"minecraft:black_wool":2,"minecraft:coal":34,"minecraft:white_wool":1,"minecraft:cobblestone":157,"minecraft:furnace":1},"minecraft:custom":{"minecraft:time_since_rest":6684,"minecraft:interact_with_furnace":9,"minecraft:sprint_one_cm":147746,"minecraft:damage_taken":2291,"minecraft:walk_one_cm":77585,"minecraft:mob_kills":10,"minecraft:damage_dealt":1610,"minecraft:swim_one_cm":46398,"minecraft:interact_with_crafting_table":8,"minecraft:fly_one_cm":30930,"minecraft:play_time":41964,"minecraft:deaths":8,"minecraft:walk_under_water_one_cm":2063,"minecraft:jump":484,"minecraft:time_since_death":6652,"minecraft:walk_on_water_one_cm":19546,"minecraft:total_world_time":41964,"minecraft:fall_one_cm":11069},"minecraft:broken":{"minecraft:stone_pickaxe":1},"minecraft:used":{"minecraft:diorite":4,"minecraft:apple":1,"minecraft:stone_pickaxe":257,"minecraft:iron_pickaxe":25,"minecraft:iron_helmet":1,"minecraft:wooden_pickaxe":10,"minecraft:diamond_axe":34,"minecraft:beef":2,"minecraft:iron_chestplate":1,"minecraft:mutton":6,"minecraft:dirt":3,"minecraft:cobblestone":124,"minecraft:crafting_table":5,"minecraft:furnace":1,"minecraft:granite":9}},"DataVersion":4082}