{"stats":{"minecraft:killed_by":{"minecraft:skeleton":2,"minecraft:creeper":1,"minecraft:zombie":2},"minecraft:killed":{"minecraft:sheep":3,"minecraft:spider":1,"minecraft:cow":2},"minecraft:crafted":{"minecraft:oak_planks":24,"minecraft:iron_chestplate":1,"minecraft:diamond_pickaxe":1,"minecraft:diamond_axe":1,"minecraft:crafting_table":2,"minecraft:stick":16,"minecraft:iron_helmet":1,"minecraft:iron_pickaxe":1,"minecraft:wooden_pickaxe":1,"minecraft:iron_ingot":23,"minecraft:stone_pickaxe":2,"minecraft:furnace":1},"minecraft:mined":{"minecraft:tuff":23,"minecraft:furnace":1,"minecraft:deepslate_diamond_ore":17,"minecraft:iron_ore":23,"minecraft:crafting_table":4,"minecraft:granite":9,"minecraft:short_grass":2,"minecraft:oak_log":6,"minecraft:grass_block":2,"minecraft:coal_ore":19,"minecraft:dirt":4,"minecraft:cobblestone":9,"minecraft:stone":148,"minecraft:diorite":6,"minecraft:oak_leaves":10,"minecraft:deepslate":32},"minecraft:picked_up":{"minecraft:crafting_table":4,"minecraft:raw_iron":23,"minecraft:leather":3,"minecraft:tuff":23,"minecraft:oak_log":6,"minecraft:diorite":6,"minecraft:dirt":6,"minecraft:apple":1,"minecraft:diamond":17,"minecraft:cobbled_deepslate":32,"minecraft:beef":3,"minecraft:granite":9,"minecraft:mutton":5,"minecraft:black_wool":2,"minecraft:coal":34,"minecraft:white_wool":1,"minecraft:cobblestone":157,"minecraft:furnace":1},"minecraft:custom":{"minecraft:time_since_rest":453,"minecraft:interact_with_furnace":9,"minecraft:sprint_one_cm":67881,"minecraft:damage_taken":1620,"minecraft:walk_one_cm":52593,"minecraft:mob_kills":6,"minecraft:damage_dealt":1129,"minecraft:swim_one_cm":1114,"minecraft:interact_with_crafting_table":8,"minecraft:fly_one_cm":13940,"minecraft:play_time":29964,"minecraft:deaths":6,"minecraft:walk_under_water_one_cm":321,"minecraft:jump":311,"minecraft:time_since_death":423,"minecraft:walk_on_water_one_cm":1583,"minecraft:total_world_time":29964,"minecraft:fall_one_cm":4862},"minecraft:broken":{"minecraft:stone_pickaxe":1},"minecraft:used":{"minecraft:diorite":4,"minecraft:apple":1,"minecraft:stone_pickaxe":257,"minecraft:iron_pickaxe":25,"minecraft:iron_helmet":1,"minecraft:wooden_pickaxe":10,"minecraft:diamond_axe":18,"minecraft:iron_chestplate":1,"minecraft:dirt":3,"minecraft:cobblestone":124,"minecraft:crafting_table":5,"minecraft:furnace":1,"minecraft:granite":9}},"DataVersion":4082}