{"stats":{"minecraft:killed_by":{"minecraft:skeleton":1,"minecraft:zombie":1},"minecraft:crafted":{"minecraft:oak_planks":16,"minecraft:crafting_table":1,"minecraft:stick":4,"minecraft:stone_pickaxe":1,"minecraft:wooden_pickaxe":1},"minecraft:mined":{"minecraft:short_grass":2,"minecraft:grass_block":1,"minecraft:oak_log":4,"minecraft:dirt":2,"minecraft:iron_ore":2,"minecraft:stone":27,"minecraft:oak_leaves":8,"minecraft:crafting_table":1},"minecraft:picked_up":{"minecraft:raw_iron":2,"minecraft:crafting_table":1,"minecraft:apple":1,"minecraft:oak_log":4,"minecraft:dirt":3,"minecraft:cobblestone":26},"minecraft:custom":{"minecraft:time_since_rest":3973,"minecraft:walk_one_cm":6797,"minecraft:play_time":5964,"minecraft:sprint_one_cm":18322,"minecraft:damage_taken":679,"minecraft:deaths":2,"minecraft:jump":61,"minecraft:damage_dealt":169,"minecraft:time_since_death":3943,"minecraft:total_world_time":5964,"minecraft:fall_one_cm":2425,"minecraft:interact_with_crafting_table":2,"minecraft:fly_one_cm":8605},"minecraft:used":{"minecraft:apple":1,"minecraft:dirt":1,"minecraft:crafting_table":2,"minecraft:stone_pickaxe":19,"minecraft:wooden_pickaxe":10}},"DataVersion":4082}