{"stats":{"minecraft:dropped":{"minecraft:diamond_axe":1,"minecraft:granite":4,"minecraft:oak_sapling":1},"minecraft:killed_by":{"minecraft:skeleton":3,"minecraft:creeper":1,"minecraft:zombie":2},"minecraft:killed":{"minecraft:spider":1,"minecraft:sheep":7,"minecraft:skeleton":1,"minecraft:cow":4},"minecraft:crafted":{"minecraft:oak_planks":44,"minecraft:diamond_axe":1,"minecraft:crafting_table":2,"minecraft:wooden_pickaxe":1,"minecraft:iron_helmet":1,"minecraft:furnace":1,"minecraft:bucket":1,"minecraft:cooked_mutton":5,"minecraft:iron_chestplate":1,"minecraft:diamond_pickaxe":1,"minecraft:stick":20,"minecraft:iron_ingot":48,"minecraft:iron_pickaxe":1,"minecraft:stone_pickaxe":2,"minecraft:chest":2,"minecraft:diamond_boots":1,"minecraft:white_bed":1,"minecraft:torch":12},"minecraft:mined":{"minecraft:deepslate_redstone_ore":12,"minecraft:tuff":43,"minecraft:white_bed":1,"minecraft:deepslate_diamond_ore":75,"minecraft:crafting_table":6,"minecraft:granite":13,"minecraft:short_grass":2,"minecraft:grass_block":5,"minecraft:cobblestone":13,"minecraft:diorite":22,"minecraft:furnace":2,"minecraft:iron_ore":46,"minecraft:andesite":4,"minecraft:birch_leaves":6,"minecraft:coal_ore":19,"minecraft:oak_log":11,"minecraft:deepslate_iron_ore":2,"minecraft:gravel":21,"minecraft:dirt":25,"minecraft:stone":217,"minecraft:oak_leaves":34,"minecraft:deepslate":334},"minecraft:picked_up":{"minecraft:crafting_table":6,"minecraft:andesite":4,"minecraft:leather":7,"minecraft:tuff":43,"minecraft:oak_log":11,"minecraft:oak_trapdoor":1,"minecraft:dirt":38,"minecraft:iron_shovel":1,"minecraft:bone":1,"minecraft:apple":1,"minecraft:cobbled_deepslate":211,"minecraft:beef":6,"minecraft:light_gray_wool":1,"minecraft:furnace":2,"minecraft:raw_iron":48,"minecraft:stick":2,"minecraft:gravel":20,"minecraft:diorite":22,"minecraft:white_bed":1,"minecraft:redstone":53,"minecraft:arrow":3,"minecraft:diamond":75,"minecraft:diamond_axe":1,"minecraft:granite":13,"minecraft:oak_sapling":1,"minecraft:black_wool":2,"minecraft:mutton":11,"minecraft:coal":34,"minecraft:white_wool":4,"minecraft:cobblestone":227},"minecraft:custom":{"minecraft:interact_with_furnace":18,"minecraft:mob_kills":13,"minecraft:interact_with_crafting_table":24,"minecraft:bell_ring":1,"minecraft:leave_game":2,"minecraft:time_since_death":11454,"minecraft:sleep_in_bed":1,"minecraft:time_since_rest":11529,"minecraft:sprint_one_cm":270033,"minecraft:damage_taken":2736,"minecraft:walk_one_cm":150416,"minecraft:drop":3,"minecraft:damage_dealt":1850,"minecraft:swim_one_cm":99954,"minecraft:fly_one_cm":63264,"minecraft:open_chest":6,"minecraft:play_time":87796,"minecraft:deaths":9,"minecraft:walk_under_water_one_cm":2536,"minecraft:jump":830,"minecraft:walk_on_water_one_cm":28938,"minecraft:total_world_time":87796,"minecraft:fall_one_cm":16708},"minecraft:broken":{"minecraft:stone_pickaxe":2},"minecraft:used":{"minecraft:cooked_mutton":3,"minecraft:diorite":4,"minecraft:diamond_boots":1,"minecraft:iron_shovel":12,"minecraft:stone_pickaxe":262,"minecraft:chest":2,"minecraft:wooden_pickaxe":10,"minecraft:diamond_axe":46,"minecraft:iron_chestplate":1,"minecraft:torch":1,"minecraft:dirt":3,"minecraft:mutton":6,"minecraft:crafting_table":8,"minecraft:white_bed":2,"minecraft:granite":9,"minecraft:diamond_pickaxe":316,"minecraft:apple":1,"minecraft:iron_pickaxe":245,"minecraft:iron_helmet":1,"minecraft:cobblestone":147,"minecraft:beef":6,"minecraft:furnace":3,"minecraft:bucket":1}},"DataVersion":4082}