{"stats":{"minecraft:custom":{"minecraft:jump":72,"minecraft:time_since_rest":3058,"minecraft:damage_taken":345,"minecraft:damage_dealt":47,"minecraft:crouch_one_cm":375,"minecraft:leave_game":7,"minecraft:sprint_one_cm":24585,"minecraft:play_time":16264,"minecraft:walk_one_cm":12745,"minecraft:time_since_death":6276,"minecraft:deaths":1,"minecraft:sleep_in_bed":1,"minecraft:sneak_time":145,"minecraft:total_world_time":16264,"minecraft:mob_kills":1,"minecraft:fall_one_cm":2565,"minecraft:fly_one_cm":12675},"minecraft:mined":{"minecraft:oak_leaves":1}},"DataVersion":4082}