{"stats":{"minecraft:killed_by":{"minecraft:zombie":1},"minecraft:mined":{"minecraft:hay_block":29,"minecraft:oak_leaves":1,"minecraft:short_grass":2},"minecraft:picked_up":{"minecraft:hay_block":29,"minecraft:rotten_flesh":1,"minecraft:carrot":1},"minecraft:custom":{"minecraft:jump":122,"minecraft:time_since_rest":4130,"minecraft:damage_taken":775,"minecraft:damage_dealt":47,"minecraft:crouch_one_cm":375,"minecraft:leave_game":11,"minecraft:sprint_one_cm":31625,"minecraft:play_time":21355,"minecraft:walk_one_cm":17804,"minecraft:time_since_death":4076,"minecraft:deaths":3,"minecraft:sleep_in_bed":1,"minecraft:sneak_time":175,"minecraft:total_world_time":21355,"minecraft:mob_kills":1,"minecraft:fall_one_cm":4297,"minecraft:fly_one_cm":25174}},"DataVersion":4082}