{"stats":{"minecraft:killed_by":{"minecraft:zombie":1},"minecraft:killed":{"minecraft:skeleton":1,"minecraft:zombie":1},"minecraft:crafted":{"minecraft:oak_planks":56,"minecraft:diamond_sword":1,"minecraft:diamond_helmet":1,"minecraft:diamond_leggings":1,"minecraft:diamond_pickaxe":1,"minecraft:shield":1,"minecraft:diamond_axe":1,"minecraft:crafting_table":1,"minecraft:stick":64,"minecraft:diamond_hoe":1,"minecraft:wooden_pickaxe":1,"minecraft:diamond_boots":1,"minecraft:diamond_shovel":1,"minecraft:diamond_chestplate":1},"minecraft:mined":{"minecraft:hay_block":29,"minecraft:deepslate_redstone_ore":32,"minecraft:deepslate_diamond_ore":50,"minecraft:iron_ore":25,"minecraft:crafting_table":3,"minecraft:short_grass":6,"minecraft:oak_log":14,"minecraft:coal_ore":27,"minecraft:gravel":3,"minecraft:stone":91,"minecraft:diorite":1,"minecraft:oak_leaves":7,"minecraft:deepslate":225},"minecraft:picked_up":{"minecraft:crafting_table":4,"minecraft:raw_iron":34,"minecraft:gravel":1,"minecraft:flint":3,"minecraft:oak_log":14,"minecraft:diorite":1,"minecraft:carrot":1,"minecraft:redstone":188,"minecraft:bone":1,"minecraft:rotten_flesh":1,"minecraft:diamond":105,"minecraft:wheat_seeds":1,"minecraft:cobbled_deepslate":224,"minecraft:hay_block":29,"minecraft:iron_ingot":2,"minecraft:obsidian":3,"minecraft:coal":27,"minecraft:cobblestone":91},"minecraft:custom":{"minecraft:time_since_rest":660,"minecraft:sprint_one_cm":72486,"minecraft:damage_taken":1248,"minecraft:walk_one_cm":61367,"minecraft:damage_blocked_by_shield":165,"minecraft:mob_kills":3,"minecraft:damage_dealt":337,"minecraft:swim_one_cm":2019,"minecraft:interact_with_crafting_table":10,"minecraft:fly_one_cm":99030,"minecraft:crouch_one_cm":384,"minecraft:play_time":45342,"minecraft:deaths":5,"minecraft:sneak_time":286,"minecraft:walk_under_water_one_cm":1366,"minecraft:jump":452,"minecraft:leave_game":11,"minecraft:time_since_death":633,"minecraft:walk_on_water_one_cm":147,"minecraft:sleep_in_bed":1,"minecraft:total_world_time":45342,"minecraft:fall_one_cm":17558},"minecraft:used":{"minecraft:diamond_pickaxe":451,"minecraft:shield":3,"minecraft:wooden_pickaxe":4,"minecraft:diamond_axe":12,"minecraft:diamond_sword":7,"minecraft:crafting_table":5}},"DataVersion":4082}