{"stats":{"minecraft:custom":{"minecraft:jump":72,"minecraft:time_since_rest":2406,"minecraft:damage_taken":345,"minecraft:damage_dealt":47,"minecraft:crouch_one_cm":375,"minecraft:leave_game":6,"minecraft:sprint_one_cm":24585,"minecraft:play_time":15612,"minecraft:walk_one_cm":12632,"minecraft:time_since_death":5624,"minecraft:deaths":1,"minecraft:sleep_in_bed":1,"minecraft:sneak_time":145,"minecraft:total_world_time":15612,"minecraft:mob_kills":1,"minecraft:fall_one_cm":2565,"minecraft:fly_one_cm":12675}},"DataVersion":4082}