{"stats":{"minecraft:dropped":{"minecraft:lapis_lazuli":134,"minecraft:oak_log":140,"minecraft:glass_bottle":1,"minecraft:diamond":61,"minecraft:nether_star":83,"minecraft:crafting_table":1,"minecraft:elytra":4,"minecraft:cobblestone_stairs":3,"minecraft:dirt":43,"minecraft:netherite_boots":4,"minecraft:gold_nugget":3,"minecraft:gilded_blackstone":1,"minecraft:phantom_membrane":25,"minecraft:sand":4,"minecraft:iron_pickaxe":1,"minecraft:bone":14,"minecraft:gravel":4,"minecraft:blackstone":44,"minecraft:polished_andesite_slab":1,"minecraft:cobbled_deepslate":41,"minecraft:pointed_dripstone":1,"minecraft:rotten_flesh":6,"minecraft:oak_planks":125,"minecraft:gunpowder":14,"minecraft:chest":2,"minecraft:ladder":10,"minecraft:arrow":7,"minecraft:glass":0,"minecraft:netherrack":198,"minecraft:firework_rocket":37,"minecraft:enchanted_book":16,"minecraft:water_bucket":0,"minecraft:iron_ingot":5,"minecraft:bread":12,"minecraft:stripped_spruce_log":8,"minecraft:netherite_pickaxe":1,"minecraft:wheat_seeds":22,"minecraft:dripstone_block":17,"minecraft:diamond_leggings":6,"minecraft:netherite_helmet":4,"minecraft:netherite_axe":1,"minecraft:netherite_chestplate":3,"minecraft:cobblestone":41,"minecraft:granite":72,"minecraft:coal":36,"minecraft:stick":4,"minecraft:diorite":16,"minecraft:lodestone":65,"minecraft:diamond_helmet":6,"minecraft:string":3,"minecraft:acacia_planks":9,"minecraft:dandelion":1,"minecraft:sweet_berries":5,"minecraft:oak_trapdoor":92,"minecraft:raw_copper":55,"minecraft:raw_iron":152,"minecraft:clay_ball":8,"minecraft:iron_boots":3,"minecraft:slime_block":1,"minecraft:dirt_path":1,"minecraft:netherite_leggings":4,"minecraft:diamond_sword":1,"minecraft:shield":1,"minecraft:diamond_chestplate":8,"minecraft:iron_chestplate":1,"minecraft:andesite":120,"minecraft:diamond_boots":5,"minecraft:bow":2,"minecraft:stone_pickaxe":3,"minecraft:wooden_pickaxe":1},"minecraft:crafted":{"minecraft:oak_planks":284,"minecraft:yellow_wool":3,"minecraft:cobblestone_slab":6,"minecraft:blaze_powder":12,"minecraft:cobblestone_stairs":4,"minecraft:diamond_shovel":1,"minecraft:cooked_mutton":2,"minecraft:glass":10,"minecraft:hopper":5,"minecraft:diamond_helmet":2,"minecraft:diamond_leggings":2,"minecraft:chest":4,"minecraft:ender_eye":12,"minecraft:diamond_axe":1,"minecraft:crafting_table":3,"minecraft:wooden_pickaxe":1,"minecraft:birch_planks":76,"minecraft:diamond_pickaxe":1,"minecraft:yellow_dye":3,"minecraft:shield":1,"minecraft:stick":20,"minecraft:iron_ingot":55,"minecraft:cobbled_deepslate_slab":12,"minecraft:diamond_hoe":1,"minecraft:yellow_bed":1,"minecraft:bone_meal":6,"minecraft:oak_trapdoor":82,"minecraft:stone_pickaxe":1,"minecraft:diamond_boots":2,"minecraft:wheat":207,"minecraft:diamond_sword":1,"minecraft:bucket":1,"minecraft:stone_axe":1,"minecraft:glowstone":14,"minecraft:bread":69,"minecraft:air":0,"minecraft:torch":76,"minecraft:diamond_chestplate":3,"minecraft:firework_rocket":450},"minecraft:picked_up":{"minecraft:iron_chestplate":1,"minecraft:flower_pot":3,"minecraft:anvil":1,"minecraft:diamond_sword":2,"minecraft:enchanted_book":18,"minecraft:gilded_blackstone":1,"minecraft:string":14,"minecraft:raw_copper":59,"minecraft:oak_sign":1,"minecraft:diamond_leggings":5,"minecraft:gold_nugget":3,"minecraft:cobbled_deepslate":361,"minecraft:iron_pickaxe":1,"minecraft:iron_boots":3,"minecraft:stick":24,"minecraft:big_dripleaf":1,"minecraft:torch":47,"minecraft:acacia_log":1,"minecraft:pointed_dripstone":1,"minecraft:diorite":22,"minecraft:dirt_path":1,"minecraft:rotten_flesh":42,"minecraft:netherite_chestplate":3,"minecraft:blaze_rod":6,"minecraft:obsidian":75,"minecraft:iron_bars":7,"minecraft:cobblestone":2175,"minecraft:birch_log":10,"minecraft:feather":5,"minecraft:magma_cream":1,"minecraft:water_bucket":1,"minecraft:andesite":124,"minecraft:golden_leggings":1,"minecraft:flint":2,"minecraft:tuff":21,"minecraft:netherite_leggings":4,"minecraft:lapis_lazuli":134,"minecraft:dirt":1735,"minecraft:bone":26,"minecraft:acacia_planks":9,"minecraft:bow":3,"minecraft:wheat_seeds":64,"minecraft:cobbled_deepslate_slab":1,"minecraft:netherite_axe":2,"minecraft:diamond_helmet":5,"minecraft:mossy_stone_bricks":2,"minecraft:glowstone_dust":59,"minecraft:moss_block":3,"minecraft:oak_planks":131,"minecraft:chiseled_polished_blackstone":4,"minecraft:sand":18,"minecraft:stripped_spruce_log":8,"minecraft:grass_block":1,"minecraft:lily_of_the_valley":3,"minecraft:polished_andesite":1,"minecraft:diamond":131,"minecraft:slime_block":5,"minecraft:netherite_helmet":4,"minecraft:cracked_polished_blackstone_bricks":2,"minecraft:granite":109,"minecraft:bone_meal":64,"minecraft:golden_apple":1,"minecraft:oak_sapling":23,"minecraft:netherrack":70,"minecraft:diamond_pickaxe":1,"minecraft:nether_star":72,"minecraft:coarse_dirt":1,"minecraft:crafting_table":5,"minecraft:azure_bluet":1,"minecraft:nether_wart":2,"minecraft:chicken":5,"minecraft:ladder":10,"minecraft:clay_ball":40,"minecraft:wooden_pickaxe":2,"minecraft:shield":2,"minecraft:oak_trapdoor":46,"minecraft:elytra":4,"minecraft:blackstone":44,"minecraft:cracked_stone_bricks":2,"minecraft:netherite_sword":1,"minecraft:oak_boat":1,"minecraft:player_head":1,"minecraft:poppy":19,"minecraft:sugar_cane":4,"minecraft:chest":54,"minecraft:birch_sapling":11,"minecraft:diamond_hoe":1,"minecraft:egg":12,"minecraft:raw_iron":304,"minecraft:redstone":17,"minecraft:netherite_pickaxe":1,"minecraft:dark_oak_planks":7,"minecraft:stripped_pale_oak_wood":1,"minecraft:arrow":25,"minecraft:diamond_chestplate":6,"minecraft:diamond_boots":4,"minecraft:hay_block":34,"minecraft:glow_berries":10,"minecraft:mutton":3,"minecraft:white_wool":3,"minecraft:oxeye_daisy":1,"minecraft:netherite_boots":4,"minecraft:birch_planks":40,"minecraft:oak_log":229,"minecraft:yellow_bed":1,"minecraft:gunpowder":20,"minecraft:cobblestone_stairs":3,"minecraft:paper":7,"minecraft:apple":2,"minecraft:stone_bricks":9,"minecraft:iron_ingot":42,"minecraft:stone_pickaxe":4,"minecraft:soul_sand":1,"minecraft:polished_andesite_slab":1,"minecraft:flowering_azalea":1,"minecraft:iron_sword":1,"minecraft:sweet_berries":7,"minecraft:quartz":2,"minecraft:dandelion":25,"minecraft:dripstone_block":17,"minecraft:gravel":6,"minecraft:spider_eye":1,"minecraft:firework_rocket":90,"minecraft:diamond_shovel":1,"minecraft:diamond_axe":1,"minecraft:lodestone":65,"minecraft:coal":117,"minecraft:ender_pearl":7},"minecraft:killed":{"minecraft:zombified_piglin":10,"minecraft:spider":16,"minecraft:skeleton":55,"minecraft:chicken":4,"minecraft:silverfish":2,"minecraft:piglin_brute":8,"minecraft:magma_cube":6,"minecraft:piglin":12,"minecraft:zombie_villager":1,"minecraft:iron_golem":12,"minecraft:creeper":45,"minecraft:sheep":3,"minecraft:pillager":1,"minecraft:zombie":61,"minecraft:blaze":20,"minecraft:hoglin":2,"minecraft:wither_skeleton":7,"minecraft:enderman":3},"minecraft:custom":{"minecraft:animals_bred":2,"minecraft:interact_with_crafting_table":44,"minecraft:open_barrel":17,"minecraft:eat_cake_slice":2,"minecraft:leave_game":12,"minecraft:time_since_death":4755,"minecraft:sprint_one_cm":800471,"minecraft:damage_blocked_by_shield":1437,"minecraft:drop":349,"minecraft:talked_to_villager":1,"minecraft:play_time":904950,"minecraft:deaths":62,"minecraft:jump":5795,"minecraft:walk_on_water_one_cm":73454,"minecraft:interact_with_furnace":13,"minecraft:sleep_in_bed":21,"minecraft:open_enderchest":1,"minecraft:damage_dealt":42537,"minecraft:player_kills":12,"minecraft:crouch_one_cm":98811,"minecraft:inspect_dispenser":1,"minecraft:horse_one_cm":47191,"minecraft:mob_kills":277,"minecraft:interact_with_anvil":5,"minecraft:inspect_hopper":5,"minecraft:fill_cauldron":1,"minecraft:climb_one_cm":2835,"minecraft:walk_one_cm":1808313,"minecraft:sneak_time":33602,"minecraft:walk_under_water_one_cm":33212,"minecraft:boat_one_cm":43199,"minecraft:interact_with_blast_furnace":7,"minecraft:total_world_time":904950,"minecraft:pot_flower":14,"minecraft:interact_with_grindstone":2,"minecraft:time_since_rest":4787,"minecraft:damage_taken":24982,"minecraft:damage_absorbed":40,"minecraft:swim_one_cm":32897,"minecraft:fly_one_cm":1704459,"minecraft:open_chest":275,"minecraft:aviate_one_cm":3079584,"minecraft:fall_one_cm":214304},"minecraft:mined":{"minecraft:obsidian":78,"minecraft:granite":102,"minecraft:chiseled_polished_blackstone":3,"minecraft:acacia_log":1,"minecraft:grass_block":1256,"minecraft:cracked_polished_blackstone_bricks":3,"minecraft:nether_wart":2,"minecraft:gilded_blackstone":1,"minecraft:spawner":1,"minecraft:glowstone":24,"minecraft:iron_ore":112,"minecraft:cobbled_deepslate":60,"minecraft:fire":4,"minecraft:anvil":1,"minecraft:pointed_dripstone":1,"minecraft:cave_vines":2,"minecraft:iron_bars":7,"minecraft:deepslate_redstone_ore":4,"minecraft:blackstone":50,"minecraft:clay":10,"minecraft:torch":10,"minecraft:chest":7,"minecraft:glass":3,"minecraft:nether_quartz_ore":2,"minecraft:cobblestone":267,"minecraft:slime_block":2,"minecraft:sugar_cane":3,"minecraft:oak_planks":3,"minecraft:deepslate_copper_ore":3,"minecraft:birch_log":6,"minecraft:oak_log":71,"minecraft:beetroots":1,"minecraft:sand":14,"minecraft:dirt":421,"minecraft:netherrack":73,"minecraft:oak_leaves":17,"minecraft:deepslate":303,"minecraft:tuff":21,"minecraft:deepslate_diamond_ore":69,"minecraft:nether_bricks":7,"minecraft:cobbled_deepslate_slab":1,"minecraft:moss_block":3,"minecraft:hay_block":23,"minecraft:oak_trapdoor":10,"minecraft:andesite":151,"minecraft:gold_block":1,"minecraft:deepslate_iron_ore":11,"minecraft:stripped_pale_oak_wood":1,"minecraft:stone":2046,"minecraft:flowering_azalea":1,"minecraft:soul_sand":1,"minecraft:lily_of_the_valley":3,"minecraft:crafting_table":2,"minecraft:short_grass":51,"minecraft:tall_grass":8,"minecraft:copper_ore":26,"minecraft:lapis_ore":8,"minecraft:diorite":41,"minecraft:big_dripleaf":1,"minecraft:birch_planks":36,"minecraft:coarse_dirt":1,"minecraft:yellow_bed":1,"minecraft:coal_ore":58,"minecraft:gravel":19,"minecraft:dripstone_block":10,"minecraft:cracked_stone_bricks":2,"minecraft:polished_andesite":1,"minecraft:stone_bricks":9,"minecraft:small_dripleaf":1,"minecraft:mossy_stone_bricks":3},"minecraft:killed_by":{"minecraft:piglin_brute":3,"minecraft:pillager":1,"minecraft:zombie":8,"minecraft:player":2,"minecraft:spider":1,"minecraft:enderman":1,"minecraft:iron_golem":1,"minecraft:skeleton":7},"minecraft:broken":{"minecraft:diamond_helmet":1,"minecraft:stone_pickaxe":1,"minecraft:iron_sword":1},"minecraft:used":{"minecraft:dispenser":2,"minecraft:spruce_slab":46,"minecraft:oak_sign":11,"minecraft:ladder":13,"minecraft:diamond_hoe":27,"minecraft:decorated_pot":2,"minecraft:chest":86,"minecraft:shield":44,"minecraft:stone":212,"minecraft:iron_sword":8,"minecraft:zombie_spawn_egg":5,"minecraft:rotten_flesh":10,"minecraft:lily_of_the_valley":3,"minecraft:mutton":3,"minecraft:skeleton_spawn_egg":4,"minecraft:azure_bluet":1,"minecraft:obsidian":107,"minecraft:stripped_spruce_log":75,"minecraft:glass":193,"minecraft:lava_bucket":111,"minecraft:bricks":5,"minecraft:lantern":19,"minecraft:grass_block":524,"minecraft:polished_andesite_stairs":8,"minecraft:dark_oak_slab":5,"minecraft:stone_brick_stairs":4,"minecraft:stone_bricks":116,"minecraft:item_frame":1,"minecraft:spruce_hanging_sign":15,"minecraft:repeater":6,"minecraft:red_carpet":15,"minecraft:brown_carpet":7,"minecraft:bow":33,"minecraft:hay_block":12,"minecraft:sweet_berries":19,"minecraft:oak_sapling":2,"minecraft:furnace":2,"minecraft:egg":7,"minecraft:stripped_spruce_wood":6,"minecraft:spider_spawn_egg":4,"minecraft:short_grass":16,"minecraft:stripped_pale_oak_wood":4,"minecraft:dark_oak_stairs":239,"minecraft:mossy_stone_bricks":1,"minecraft:spruce_door":23,"minecraft:birch_leaves":84,"minecraft:stone_pickaxe":134,"minecraft:oak_planks":146,"minecraft:ender_pearl":19,"minecraft:wooden_pickaxe":10,"minecraft:composter":11,"minecraft:diamond_axe":307,"minecraft:sugar_cane":15,"minecraft:large_amethyst_bud":1,"minecraft:white_wool":3,"minecraft:golden_apple":1,"minecraft:dark_oak_trapdoor":2,"minecraft:sand":36,"minecraft:blast_furnace":2,"minecraft:blue_ice":664,"minecraft:lingering_potion":27,"minecraft:skeleton_horse_spawn_egg":2,"minecraft:black_bed":6,"minecraft:cobbled_deepslate_stairs":99,"minecraft:creeper_spawn_egg":4,"minecraft:redstone_torch":2,"minecraft:firework_rocket":203,"minecraft:string":1,"minecraft:bread":27,"minecraft:brown_wool":6,"minecraft:oak_pressure_plate":20,"minecraft:gravel":2,"minecraft:cat_spawn_egg":14,"minecraft:flowering_azalea_leaves":1,"minecraft:polished_andesite_slab":16,"minecraft:diamond_sword":377,"minecraft:fire_charge":1,"minecraft:grindstone":1,"minecraft:dark_oak_fence":2,"minecraft:chain":3,"minecraft:oak_boat":2,"minecraft:coarse_dirt":47,"minecraft:bone_meal":6,"minecraft:experience_bottle":311,"minecraft:netherite_sword":32,"minecraft:oak_trapdoor":285,"minecraft:enchanting_table":1,"minecraft:flint_and_steel":8,"minecraft:armor_stand":1,"minecraft:redstone":14,"minecraft:spruce_planks":228,"minecraft:ender_chest":1,"minecraft:netherrack":195,"minecraft:torch":120,"minecraft:dirt":1176,"minecraft:anvil":1,"minecraft:white_carpet":6,"minecraft:hopper":78,"minecraft:spruce_stairs":32,"minecraft:cobblestone_wall":415,"minecraft:stone_stairs":15,"minecraft:granite":3,"minecraft:spruce_fence":33,"minecraft:oak_fence_gate":46,"minecraft:fern":4,"minecraft:dark_oak_planks":21,"minecraft:bookshelf":15,"minecraft:oak_stairs":5,"minecraft:slime_block":3,"minecraft:spawner":16,"minecraft:barrel":50,"minecraft:glowstone":63,"minecraft:podzol":14,"minecraft:netherite_pickaxe":392,"minecraft:stone_pressure_plate":1,"minecraft:cobbled_deepslate":87,"minecraft:observer":23,"minecraft:calcite":1,"minecraft:cooked_mutton":2,"minecraft:water_bucket":112,"minecraft:cobblestone_stairs":10,"minecraft:dirt_path":85,"minecraft:lodestone":21,"minecraft:birch_planks":73,"minecraft:polished_andesite":1003,"minecraft:iron_golem_spawn_egg":33,"minecraft:spruce_sign":27,"minecraft:cauldron":1,"minecraft:stonecutter":1,"minecraft:cobblestone_slab":6,"minecraft:spruce_fence_gate":7,"minecraft:horse_spawn_egg":1,"minecraft:dark_prismarine_slab":193,"minecraft:oak_slab":35,"minecraft:crafting_table":9,"minecraft:red_bed":4,"minecraft:campfire":3,"minecraft:infested_stone_bricks":3,"minecraft:spruce_log":154,"minecraft:cake":1,"minecraft:oak_log":12,"minecraft:piston":12,"minecraft:flower_pot":20,"minecraft:ender_eye":12,"minecraft:diamond_pickaxe":3094,"minecraft:diamond_shovel":1267,"minecraft:spruce_trapdoor":114,"minecraft:stone_axe":33,"minecraft:green_carpet":13,"minecraft:cobbled_deepslate_slab":38,"minecraft:cobblestone":1596,"minecraft:potion":1,"minecraft:azalea_leaves":9,"minecraft:white_banner":8,"minecraft:bucket":164,"minecraft:glass_pane":49,"minecraft:yellow_bed":2,"minecraft:sea_pickle":2,"minecraft:splash_potion":65,"minecraft:candle":3}},"DataVersion":4082}