{"stats":{"minecraft:custom":{"minecraft:jump":86,"minecraft:time_since_rest":703,"minecraft:damage_taken":775,"minecraft:damage_dealt":47,"minecraft:crouch_one_cm":375,"minecraft:leave_game":9,"minecraft:sprint_one_cm":26139,"minecraft:play_time":17928,"minecraft:walk_one_cm":15433,"minecraft:time_since_death":649,"minecraft:deaths":3,"minecraft:sleep_in_bed":1,"minecraft:sneak_time":175,"minecraft:total_world_time":17928,"minecraft:mob_kills":1,"minecraft:fall_one_cm":3192,"minecraft:fly_one_cm":15668},"minecraft:picked_up":{"minecraft:hay_block":10},"minecraft:mined":{"minecraft:hay_block":10,"minecraft:oak_leaves":1},"minecraft:killed_by":{"minecraft:zombie":1}},"DataVersion":4082}