{"stats":{"minecraft:mined":{"minecraft:oak_leaves":1},"minecraft:custom":{"minecraft:jump":72,"minecraft:time_since_rest":119,"minecraft:damage_taken":505,"minecraft:damage_dealt":47,"minecraft:crouch_one_cm":375,"minecraft:leave_game":8,"minecraft:sprint_one_cm":24585,"minecraft:play_time":16782,"minecraft:walk_one_cm":12745,"minecraft:time_since_death":0,"minecraft:deaths":2,"minecraft:sleep_in_bed":1,"minecraft:sneak_time":160,"minecraft:total_world_time":16782,"minecraft:mob_kills":1,"minecraft:fall_one_cm":2565,"minecraft:fly_one_cm":12675}},"DataVersion":4082}