{"stats":{"minecraft:custom":{"minecraft:mob_kills":22,"minecraft:interact_with_crafting_table":12,"minecraft:bell_ring":93,"minecraft:leave_game":12,"minecraft:time_since_death":2117,"minecraft:sleep_in_bed":2,"minecraft:climb_one_cm":28,"minecraft:time_since_rest":2162,"minecraft:sprint_one_cm":196133,"minecraft:damage_taken":3244,"minecraft:walk_one_cm":203926,"minecraft:damage_blocked_by_shield":1370,"minecraft:drop":9,"minecraft:damage_dealt":6487,"minecraft:player_kills":1,"minecraft:swim_one_cm":2884,"minecraft:talked_to_villager":1,"minecraft:fly_one_cm":291760,"minecraft:open_chest":12,"minecraft:crouch_one_cm":2331,"minecraft:play_time":102772,"minecraft:deaths":11,"minecraft:sneak_time":1403,"minecraft:walk_under_water_one_cm":2933,"minecraft:jump":1300,"minecraft:walk_on_water_one_cm":3352,"minecraft:total_world_time":102772,"minecraft:fall_one_cm":50045},"minecraft:dropped":{"minecraft:iron_ingot":4,"minecraft:cobblestone":20,"minecraft:granite":6,"minecraft:diorite":5,"minecraft:andesite":3,"minecraft:beetroot_seeds":2},"minecraft:picked_up":{"minecraft:crafting_table":4,"minecraft:azure_bluet":1,"minecraft:water_bucket":2,"minecraft:andesite":19,"minecraft:diamond_sword":1,"minecraft:potato":5,"minecraft:flint":3,"minecraft:oak_log":33,"minecraft:brewing_stand":2,"minecraft:yellow_bed":3,"minecraft:shield":2,"minecraft:string":12,"minecraft:dirt":162,"minecraft:cat_spawn_egg":33,"minecraft:iron_leggings":1,"minecraft:iron_shovel":1,"minecraft:bone":9,"minecraft:beetroot":5,"minecraft:apple":1,"minecraft:diamond_leggings":1,"minecraft:wheat_seeds":13,"minecraft:bucket":1,"minecraft:cobbled_deepslate":224,"minecraft:cobbled_deepslate_slab":99,"minecraft:bell":2,"minecraft:iron_ingot":29,"minecraft:diamond_helmet":1,"minecraft:poppy":12,"minecraft:iron_pickaxe":1,"minecraft:stone_hoe":1,"minecraft:diamond_hoe":1,"minecraft:furnace":2,"minecraft:stick":4,"minecraft:raw_iron":104,"minecraft:birch_boat":1,"minecraft:composter":5,"minecraft:torch":4,"minecraft:red_wool":2,"minecraft:gravel":1,"minecraft:blast_furnace":2,"minecraft:diorite":6,"minecraft:white_bed":9,"minecraft:carrot":1,"minecraft:redstone":188,"minecraft:spider_eye":5,"minecraft:mossy_cobblestone":3,"minecraft:diamond_chestplate":2,"minecraft:diamond_shovel":1,"minecraft:rotten_flesh":15,"minecraft:arrow":4,"minecraft:diamond":105,"minecraft:beetroot_seeds":7,"minecraft:diamond_boots":1,"minecraft:hay_block":31,"minecraft:granite":6,"minecraft:oak_sapling":5,"minecraft:obsidian":11,"minecraft:coal":132,"minecraft:white_wool":15,"minecraft:cobblestone":214,"minecraft:ender_pearl":1},"minecraft:killed":{"minecraft:spider":3,"minecraft:iron_golem":3,"minecraft:skeleton":5,"minecraft:zombie":8},"minecraft:mined":{"minecraft:deepslate_redstone_ore":32,"minecraft:oak_sapling":1,"minecraft:white_bed":9,"minecraft:red_wool":3,"minecraft:mossy_cobblestone":3,"minecraft:deepslate_diamond_ore":50,"minecraft:brewing_stand":1,"minecraft:obsidian":9,"minecraft:crafting_table":3,"minecraft:granite":6,"minecraft:short_grass":21,"minecraft:blast_furnace":2,"minecraft:grass_block":38,"minecraft:tall_grass":4,"minecraft:cobblestone":41,"minecraft:composter":5,"minecraft:diorite":6,"minecraft:hay_block":30,"minecraft:iron_ore":43,"minecraft:fire":1,"minecraft:andesite":18,"minecraft:yellow_bed":3,"minecraft:bell":1,"minecraft:coal_ore":75,"minecraft:oak_log":33,"minecraft:beetroots":4,"minecraft:dirt_path":4,"minecraft:gravel":3,"minecraft:dirt":91,"minecraft:stone":174,"minecraft:oak_leaves":24,"minecraft:deepslate":225},"minecraft:used":{"minecraft:water_bucket":11,"minecraft:iron_shovel":1,"minecraft:flint_and_steel":1,"minecraft:diamond_hoe":2,"minecraft:chest":4,"minecraft:shield":19,"minecraft:wooden_pickaxe":4,"minecraft:diamond_axe":103,"minecraft:bell":2,"minecraft:dirt":16,"minecraft:crafting_table":5,"minecraft:blast_furnace":1,"minecraft:white_bed":9,"minecraft:obsidian":8,"minecraft:diamond_pickaxe":689,"minecraft:lava_bucket":16,"minecraft:diamond_shovel":131,"minecraft:red_wool":3,"minecraft:bread":3,"minecraft:cat_spawn_egg":26,"minecraft:diamond_sword":101,"minecraft:cobblestone":59,"minecraft:oak_sapling":4,"minecraft:beetroot_seeds":5,"minecraft:bucket":28,"minecraft:andesite":16,"minecraft:yellow_bed":3,"minecraft:bone_meal":3},"minecraft:crafted":{"minecraft:red_dye":3,"minecraft:oak_planks":132,"minecraft:diamond_sword":1,"minecraft:diamond_axe":1,"minecraft:crafting_table":1,"minecraft:diamond_hoe":1,"minecraft:wooden_pickaxe":1,"minecraft:red_wool":3,"minecraft:bucket":1,"minecraft:bone_meal":3,"minecraft:diamond_shovel":1,"minecraft:flint_and_steel":1,"minecraft:diamond_helmet":1,"minecraft:diamond_leggings":1,"minecraft:diamond_pickaxe":1,"minecraft:shield":1,"minecraft:stick":64,"minecraft:chest":4,"minecraft:diamond_boots":1,"minecraft:diamond_chestplate":1},"minecraft:killed_by":{"minecraft:player":1,"minecraft:creeper":1,"minecraft:zombie":2,"minecraft:iron_golem":1}},"DataVersion":4082}