{"stats":{"minecraft:picked_up":{"minecraft:stick":2,"minecraft:feather":7,"minecraft:chicken":4,"minecraft:leather":6,"minecraft:torch":4,"minecraft:wooden_pickaxe":1,"minecraft:porkchop":11,"minecraft:oak_log":14,"minecraft:oak_trapdoor":8,"minecraft:stone_axe":1,"minecraft:wheat_seeds":3,"minecraft:beef":11,"minecraft:stone_pickaxe":1,"minecraft:coal":2,"minecraft:mutton":5,"minecraft:oak_planks":54,"minecraft:white_wool":6,"minecraft:cobblestone":6,"minecraft:sunflower":1},"minecraft:killed_by":{"minecraft:zombie":1},"minecraft:used":{"minecraft:cooked_mutton":3,"minecraft:wooden_pickaxe":2,"minecraft:stone_axe":23},"minecraft:killed":{"minecraft:sheep":3,"minecraft:pig":4,"minecraft:chicken":4,"minecraft:cow":5},"minecraft:crafted":{"minecraft:oak_planks":44,"minecraft:crafting_table":1,"minecraft:stick":4,"minecraft:cooked_mutton":5,"minecraft:air":0},"minecraft:custom":{"minecraft:time_since_rest":13595,"minecraft:interact_with_furnace":1,"minecraft:sprint_one_cm":52963,"minecraft:damage_taken":405,"minecraft:walk_one_cm":27048,"minecraft:mob_kills":16,"minecraft:damage_dealt":1480,"minecraft:swim_one_cm":18832,"minecraft:fly_one_cm":76857,"minecraft:player_kills":1,"minecraft:crouch_one_cm":21,"minecraft:play_time":27421,"minecraft:deaths":1,"minecraft:sneak_time":45,"minecraft:walk_under_water_one_cm":1233,"minecraft:jump":341,"minecraft:leave_game":2,"minecraft:time_since_death":10751,"minecraft:walk_on_water_one_cm":618,"minecraft:total_world_time":27421,"minecraft:fall_one_cm":10466},"minecraft:mined":{"minecraft:short_grass":11,"minecraft:oak_log":14,"minecraft:sunflower":1,"minecraft:oak_leaves":3}},"DataVersion":4082}