{"stats":{"minecraft:dropped":{"minecraft:iron_ingot":4,"minecraft:beetroot_seeds":2},"minecraft:killed_by":{"minecraft:creeper":1,"minecraft:zombie":1,"minecraft:iron_golem":1},"minecraft:killed":{"minecraft:iron_golem":3,"minecraft:skeleton":3,"minecraft:zombie":4},"minecraft:crafted":{"minecraft:red_dye":3,"minecraft:oak_planks":132,"minecraft:diamond_sword":1,"minecraft:diamond_axe":1,"minecraft:crafting_table":1,"minecraft:diamond_hoe":1,"minecraft:wooden_pickaxe":1,"minecraft:red_wool":3,"minecraft:bone_meal":3,"minecraft:diamond_shovel":1,"minecraft:diamond_helmet":1,"minecraft:diamond_leggings":1,"minecraft:diamond_pickaxe":1,"minecraft:shield":1,"minecraft:stick":64,"minecraft:chest":4,"minecraft:diamond_boots":1,"minecraft:diamond_chestplate":1},"minecraft:mined":{"minecraft:deepslate_redstone_ore":32,"minecraft:white_bed":9,"minecraft:oak_sapling":1,"minecraft:red_wool":3,"minecraft:mossy_cobblestone":3,"minecraft:deepslate_diamond_ore":50,"minecraft:brewing_stand":1,"minecraft:crafting_table":3,"minecraft:short_grass":14,"minecraft:blast_furnace":2,"minecraft:grass_block":1,"minecraft:tall_grass":3,"minecraft:cobblestone":41,"minecraft:composter":5,"minecraft:diorite":6,"minecraft:hay_block":30,"minecraft:iron_ore":25,"minecraft:andesite":7,"minecraft:yellow_bed":3,"minecraft:bell":1,"minecraft:coal_ore":27,"minecraft:oak_log":33,"minecraft:beetroots":4,"minecraft:dirt_path":4,"minecraft:gravel":3,"minecraft:dirt":72,"minecraft:stone":116,"minecraft:oak_leaves":24,"minecraft:deepslate":225},"minecraft:picked_up":{"minecraft:crafting_table":4,"minecraft:andesite":7,"minecraft:flint":3,"minecraft:oak_log":33,"minecraft:brewing_stand":1,"minecraft:yellow_bed":3,"minecraft:dirt":77,"minecraft:bone":1,"minecraft:beetroot":4,"minecraft:apple":1,"minecraft:wheat_seeds":3,"minecraft:cobbled_deepslate":224,"minecraft:bell":2,"minecraft:iron_ingot":15,"minecraft:poppy":4,"minecraft:stick":4,"minecraft:raw_iron":34,"minecraft:composter":5,"minecraft:red_wool":2,"minecraft:torch":4,"minecraft:gravel":1,"minecraft:blast_furnace":2,"minecraft:diorite":6,"minecraft:white_bed":9,"minecraft:carrot":1,"minecraft:redstone":188,"minecraft:mossy_cobblestone":3,"minecraft:rotten_flesh":5,"minecraft:arrow":2,"minecraft:diamond":105,"minecraft:beetroot_seeds":7,"minecraft:hay_block":30,"minecraft:oak_sapling":5,"minecraft:obsidian":3,"minecraft:coal":27,"minecraft:white_wool":3,"minecraft:cobblestone":155},"minecraft:custom":{"minecraft:mob_kills":11,"minecraft:interact_with_crafting_table":11,"minecraft:bell_ring":93,"minecraft:leave_game":12,"minecraft:time_since_death":978,"minecraft:sleep_in_bed":2,"minecraft:climb_one_cm":28,"minecraft:time_since_rest":1001,"minecraft:sprint_one_cm":156811,"minecraft:damage_taken":2209,"minecraft:walk_one_cm":140149,"minecraft:damage_blocked_by_shield":525,"minecraft:drop":3,"minecraft:damage_dealt":4393,"minecraft:swim_one_cm":2884,"minecraft:talked_to_villager":1,"minecraft:fly_one_cm":237883,"minecraft:open_chest":9,"minecraft:crouch_one_cm":1115,"minecraft:play_time":78786,"minecraft:deaths":8,"minecraft:sneak_time":913,"minecraft:walk_under_water_one_cm":2668,"minecraft:jump":946,"minecraft:walk_on_water_one_cm":1557,"minecraft:total_world_time":78786,"minecraft:fall_one_cm":36582},"minecraft:used":{"minecraft:diamond_hoe":2,"minecraft:chest":4,"minecraft:shield":10,"minecraft:wooden_pickaxe":4,"minecraft:diamond_axe":97,"minecraft:bell":2,"minecraft:dirt":5,"minecraft:crafting_table":5,"minecraft:blast_furnace":1,"minecraft:white_bed":9,"minecraft:diamond_pickaxe":536,"minecraft:diamond_shovel":77,"minecraft:red_wool":3,"minecraft:bread":1,"minecraft:cat_spawn_egg":17,"minecraft:diamond_sword":49,"minecraft:cobblestone":10,"minecraft:oak_sapling":4,"minecraft:beetroot_seeds":5,"minecraft:yellow_bed":3,"minecraft:bone_meal":3}},"DataVersion":4082}