{"stats":{"minecraft:custom":{"minecraft:mob_kills":32,"minecraft:interact_with_crafting_table":12,"minecraft:bell_ring":93,"minecraft:leave_game":13,"minecraft:time_since_death":7615,"minecraft:climb_one_cm":28,"minecraft:sprint_one_cm":239932,"minecraft:walk_one_cm":244939,"minecraft:damage_blocked_by_shield":1881,"minecraft:drop":19,"minecraft:talked_to_villager":1,"minecraft:play_time":118929,"minecraft:deaths":13,"minecraft:sneak_time":1505,"minecraft:walk_under_water_one_cm":3014,"minecraft:jump":1506,"minecraft:walk_on_water_one_cm":5114,"minecraft:total_world_time":118929,"minecraft:sleep_in_bed":3,"minecraft:time_since_rest":2730,"minecraft:damage_taken":3813,"minecraft:damage_dealt":8173,"minecraft:swim_one_cm":2884,"minecraft:fly_one_cm":337904,"minecraft:player_kills":1,"minecraft:open_chest":17,"minecraft:crouch_one_cm":2705,"minecraft:fall_one_cm":58345},"minecraft:dropped":{"minecraft:water_bucket":1,"minecraft:iron_ingot":4,"minecraft:diamond_axe":1,"minecraft:diamond_leggings":1,"minecraft:cobblestone":20,"minecraft:granite":6,"minecraft:diorite":5,"minecraft:diamond_helmet":1,"minecraft:diamond_hoe":1,"minecraft:diamond_shovel":1,"minecraft:diamond_sword":1,"minecraft:diamond_chestplate":1,"minecraft:diamond_pickaxe":1,"minecraft:andesite":3,"minecraft:beetroot_seeds":2,"minecraft:diamond_boots":1},"minecraft:picked_up":{"minecraft:crafting_table":4,"minecraft:azure_bluet":1,"minecraft:diamond_sword":2,"minecraft:brewing_stand":2,"minecraft:shield":2,"minecraft:string":12,"minecraft:cat_spawn_egg":33,"minecraft:iron_leggings":1,"minecraft:iron_shovel":1,"minecraft:beetroot":5,"minecraft:diamond_leggings":2,"minecraft:cobbled_deepslate":224,"minecraft:bucket":1,"minecraft:poppy":12,"minecraft:iron_pickaxe":1,"minecraft:diamond_hoe":2,"minecraft:furnace":2,"minecraft:raw_iron":104,"minecraft:stick":4,"minecraft:composter":5,"minecraft:torch":4,"minecraft:diorite":6,"minecraft:carrot":2,"minecraft:redstone":188,"minecraft:arrow":4,"minecraft:rotten_flesh":17,"minecraft:diamond_chestplate":3,"minecraft:beetroot_seeds":7,"minecraft:diamond_boots":2,"minecraft:hay_block":31,"minecraft:obsidian":11,"minecraft:white_wool":15,"minecraft:cobblestone":214,"minecraft:water_bucket":3,"minecraft:andesite":19,"minecraft:potato":5,"minecraft:flint":3,"minecraft:oak_log":33,"minecraft:yellow_bed":3,"minecraft:dirt":163,"minecraft:bone":9,"minecraft:apple":1,"minecraft:wheat_seeds":13,"minecraft:cobbled_deepslate_slab":99,"minecraft:bell":2,"minecraft:iron_ingot":34,"minecraft:diamond_helmet":2,"minecraft:stone_hoe":1,"minecraft:birch_boat":1,"minecraft:red_wool":2,"minecraft:gravel":1,"minecraft:blast_furnace":2,"minecraft:white_bed":9,"minecraft:grass_block":1,"minecraft:mossy_cobblestone":3,"minecraft:spider_eye":5,"minecraft:diamond_shovel":2,"minecraft:diamond":105,"minecraft:diamond_axe":1,"minecraft:granite":6,"minecraft:oak_sapling":5,"minecraft:netherrack":5,"minecraft:coal":132,"minecraft:diamond_pickaxe":1,"minecraft:ender_pearl":2},"minecraft:killed":{"minecraft:zombified_piglin":4,"minecraft:spider":3,"minecraft:skeleton":5,"minecraft:piglin":1,"minecraft:iron_golem":4,"minecraft:zombie":8,"minecraft:ghast":2,"minecraft:enderman":1},"minecraft:mined":{"minecraft:white_bed":9,"minecraft:oak_sapling":1,"minecraft:mossy_cobblestone":3,"minecraft:deepslate_diamond_ore":50,"minecraft:brewing_stand":1,"minecraft:obsidian":9,"minecraft:granite":6,"minecraft:grass_block":39,"minecraft:composter":5,"minecraft:hay_block":30,"minecraft:iron_ore":43,"minecraft:fire":2,"minecraft:andesite":18,"minecraft:bell":1,"minecraft:dirt_path":4,"minecraft:stone":174,"minecraft:deepslate_redstone_ore":32,"minecraft:red_wool":3,"minecraft:crafting_table":3,"minecraft:short_grass":22,"minecraft:blast_furnace":2,"minecraft:tall_grass":4,"minecraft:cobblestone":41,"minecraft:diorite":6,"minecraft:yellow_bed":3,"minecraft:oak_log":33,"minecraft:coal_ore":75,"minecraft:beetroots":4,"minecraft:gravel":3,"minecraft:dirt":91,"minecraft:oak_leaves":24,"minecraft:deepslate":225},"minecraft:used":{"minecraft:iron_shovel":1,"minecraft:flint_and_steel":1,"minecraft:diamond_hoe":3,"minecraft:chest":4,"minecraft:shield":32,"minecraft:bell":2,"minecraft:dirt":17,"minecraft:obsidian":8,"minecraft:lava_bucket":16,"minecraft:villager_spawn_egg":2,"minecraft:red_wool":3,"minecraft:bow":74,"minecraft:oak_sapling":4,"minecraft:beetroot_seeds":5,"minecraft:water_bucket":15,"minecraft:wooden_pickaxe":4,"minecraft:diamond_axe":122,"minecraft:crafting_table":5,"minecraft:blast_furnace":1,"minecraft:white_bed":9,"minecraft:diamond_pickaxe":689,"minecraft:diamond_shovel":131,"minecraft:bread":3,"minecraft:spruce_trapdoor":2,"minecraft:cat_spawn_egg":26,"minecraft:diamond_sword":117,"minecraft:cobblestone":59,"minecraft:cobbled_deepslate_slab":7,"minecraft:andesite":16,"minecraft:bucket":32,"minecraft:yellow_bed":3,"minecraft:bone_meal":3},"minecraft:crafted":{"minecraft:oak_planks":132,"minecraft:diamond_hoe":1,"minecraft:bone_meal":3,"minecraft:diamond_shovel":1,"minecraft:flint_and_steel":1,"minecraft:diamond_helmet":1,"minecraft:diamond_leggings":1,"minecraft:chest":4,"minecraft:diamond_boots":1,"minecraft:red_dye":3,"minecraft:diamond_sword":1,"minecraft:diamond_axe":1,"minecraft:crafting_table":1,"minecraft:wooden_pickaxe":1,"minecraft:red_wool":3,"minecraft:bucket":1,"minecraft:diamond_pickaxe":1,"minecraft:shield":1,"minecraft:stick":64,"minecraft:diamond_chestplate":1},"minecraft:killed_by":{"minecraft:player":1,"minecraft:creeper":1,"minecraft:iron_golem":2,"minecraft:zombie":2}},"DataVersion":4082}