{"stats":{"minecraft:dropped":{"minecraft:beetroot_seeds":1},"minecraft:killed_by":{"minecraft:creeper":1,"minecraft:zombie":1},"minecraft:killed":{"minecraft:iron_golem":1,"minecraft:skeleton":1,"minecraft:zombie":1},"minecraft:crafted":{"minecraft:oak_planks":132,"minecraft:diamond_sword":1,"minecraft:diamond_axe":1,"minecraft:crafting_table":1,"minecraft:diamond_hoe":1,"minecraft:wooden_pickaxe":1,"minecraft:bone_meal":3,"minecraft:diamond_shovel":1,"minecraft:diamond_helmet":1,"minecraft:diamond_leggings":1,"minecraft:diamond_pickaxe":1,"minecraft:shield":1,"minecraft:stick":64,"minecraft:chest":4,"minecraft:diamond_boots":1,"minecraft:diamond_chestplate":1},"minecraft:mined":{"minecraft:deepslate_redstone_ore":32,"minecraft:white_bed":9,"minecraft:oak_sapling":1,"minecraft:mossy_cobblestone":3,"minecraft:deepslate_diamond_ore":50,"minecraft:brewing_stand":1,"minecraft:crafting_table":3,"minecraft:short_grass":11,"minecraft:blast_furnace":2,"minecraft:cobblestone":41,"minecraft:composter":5,"minecraft:diorite":1,"minecraft:hay_block":30,"minecraft:iron_ore":25,"minecraft:yellow_bed":3,"minecraft:bell":1,"minecraft:coal_ore":27,"minecraft:oak_log":33,"minecraft:beetroots":1,"minecraft:dirt_path":4,"minecraft:gravel":3,"minecraft:dirt":69,"minecraft:stone":100,"minecraft:oak_leaves":24,"minecraft:deepslate":225},"minecraft:picked_up":{"minecraft:crafting_table":4,"minecraft:flint":3,"minecraft:oak_log":33,"minecraft:brewing_stand":1,"minecraft:yellow_bed":3,"minecraft:dirt":73,"minecraft:bone":1,"minecraft:beetroot":1,"minecraft:apple":1,"minecraft:wheat_seeds":3,"minecraft:cobbled_deepslate":224,"minecraft:bell":2,"minecraft:iron_ingot":6,"minecraft:poppy":2,"minecraft:raw_iron":34,"minecraft:stick":4,"minecraft:composter":5,"minecraft:torch":4,"minecraft:gravel":1,"minecraft:blast_furnace":2,"minecraft:diorite":1,"minecraft:white_bed":9,"minecraft:carrot":1,"minecraft:redstone":188,"minecraft:mossy_cobblestone":3,"minecraft:arrow":2,"minecraft:rotten_flesh":1,"minecraft:diamond":105,"minecraft:beetroot_seeds":2,"minecraft:hay_block":30,"minecraft:oak_sapling":5,"minecraft:coal":27,"minecraft:obsidian":3,"minecraft:white_wool":3,"minecraft:cobblestone":141},"minecraft:custom":{"minecraft:mob_kills":4,"minecraft:interact_with_crafting_table":11,"minecraft:bell_ring":93,"minecraft:leave_game":12,"minecraft:time_since_death":665,"minecraft:sleep_in_bed":1,"minecraft:climb_one_cm":28,"minecraft:time_since_rest":997,"minecraft:sprint_one_cm":130104,"minecraft:damage_taken":1944,"minecraft:walk_one_cm":118810,"minecraft:damage_blocked_by_shield":165,"minecraft:drop":1,"minecraft:damage_dealt":1330,"minecraft:talked_to_villager":1,"minecraft:swim_one_cm":2884,"minecraft:fly_one_cm":208570,"minecraft:open_chest":5,"minecraft:crouch_one_cm":1089,"minecraft:play_time":66809,"minecraft:deaths":7,"minecraft:sneak_time":690,"minecraft:walk_under_water_one_cm":2668,"minecraft:jump":777,"minecraft:walk_on_water_one_cm":1313,"minecraft:total_world_time":66809,"minecraft:fall_one_cm":30356},"minecraft:used":{"minecraft:diamond_hoe":2,"minecraft:wooden_pickaxe":4,"minecraft:chest":4,"minecraft:shield":3,"minecraft:diamond_axe":62,"minecraft:bell":2,"minecraft:dirt":5,"minecraft:crafting_table":5,"minecraft:blast_furnace":1,"minecraft:white_bed":9,"minecraft:diamond_pickaxe":508,"minecraft:diamond_shovel":73,"minecraft:bread":1,"minecraft:diamond_sword":13,"minecraft:cobblestone":10,"minecraft:oak_sapling":4,"minecraft:beetroot_seeds":1,"minecraft:yellow_bed":3,"minecraft:bone_meal":3}},"DataVersion":4082}