{"stats":{"minecraft:killed_by":{"minecraft:zombie":1},"minecraft:crafted":{"minecraft:oak_planks":40,"minecraft:diamond_pickaxe":1,"minecraft:crafting_table":1,"minecraft:stick":8,"minecraft:wooden_pickaxe":1},"minecraft:mined":{"minecraft:hay_block":29,"minecraft:iron_ore":20,"minecraft:crafting_table":1,"minecraft:short_grass":2,"minecraft:oak_log":10,"minecraft:coal_ore":27,"minecraft:stone":67,"minecraft:diorite":1,"minecraft:oak_leaves":4},"minecraft:picked_up":{"minecraft:crafting_table":2,"minecraft:raw_iron":28,"minecraft:oak_log":10,"minecraft:diorite":1,"minecraft:carrot":1,"minecraft:rotten_flesh":1,"minecraft:diamond":3,"minecraft:hay_block":29,"minecraft:iron_ingot":2,"minecraft:obsidian":3,"minecraft:coal":27,"minecraft:cobblestone":67},"minecraft:custom":{"minecraft:time_since_rest":16117,"minecraft:sprint_one_cm":51043,"minecraft:damage_taken":785,"minecraft:walk_one_cm":30568,"minecraft:mob_kills":1,"minecraft:damage_dealt":47,"minecraft:interact_with_crafting_table":4,"minecraft:fly_one_cm":57799,"minecraft:crouch_one_cm":378,"minecraft:play_time":33342,"minecraft:deaths":3,"minecraft:sneak_time":267,"minecraft:walk_under_water_one_cm":992,"minecraft:jump":253,"minecraft:leave_game":11,"minecraft:time_since_death":16063,"minecraft:walk_on_water_one_cm":72,"minecraft:sleep_in_bed":1,"minecraft:total_world_time":33342,"minecraft:fall_one_cm":9369},"minecraft:used":{"minecraft:diamond_pickaxe":112,"minecraft:wooden_pickaxe":4,"minecraft:crafting_table":2}},"DataVersion":4082}