{"stats":{"minecraft:picked_up":{"minecraft:raw_iron":1,"minecraft:crafting_table":2,"minecraft:wooden_pickaxe":1,"minecraft:oak_log":5,"minecraft:dirt":20,"minecraft:string":1,"minecraft:wheat_seeds":2,"minecraft:poppy":1,"minecraft:mutton":5,"minecraft:coal":14,"minecraft:white_wool":4,"minecraft:cobblestone":17},"minecraft:used":{"minecraft:cooked_mutton":3,"minecraft:stone_pickaxe":29,"minecraft:wooden_pickaxe":3,"minecraft:stone_axe":1,"minecraft:cobblestone":3,"minecraft:crafting_table":3,"minecraft:furnace":1},"minecraft:killed":{"minecraft:sheep":4},"minecraft:crafted":{"minecraft:oak_planks":20,"minecraft:crafting_table":2,"minecraft:stick":8,"minecraft:wooden_pickaxe":1,"minecraft:stone_pickaxe":1,"minecraft:furnace":1,"minecraft:stone_axe":1,"minecraft:air":0,"minecraft:cooked_mutton":3},"minecraft:custom":{"minecraft:time_since_rest":11819,"minecraft:interact_with_furnace":3,"minecraft:sprint_one_cm":18798,"minecraft:damage_taken":210,"minecraft:walk_one_cm":38507,"minecraft:mob_kills":4,"minecraft:drop":1,"minecraft:damage_dealt":401,"minecraft:interact_with_crafting_table":7,"minecraft:fly_one_cm":47701,"minecraft:crouch_one_cm":3538,"minecraft:play_time":11819,"minecraft:sneak_time":1393,"minecraft:jump":287,"minecraft:time_since_death":11819,"minecraft:total_world_time":11819,"minecraft:fall_one_cm":6513},"minecraft:dropped":{"minecraft:wooden_pickaxe":1},"minecraft:mined":{"minecraft:iron_ore":1,"minecraft:glow_lichen":1,"minecraft:crafting_table":2,"minecraft:short_grass":17,"minecraft:coal_ore":14,"minecraft:grass_block":1,"minecraft:oak_log":5,"minecraft:poppy":1,"minecraft:tall_grass":5,"minecraft:cobblestone":1,"minecraft:stone":16,"minecraft:oak_leaves":1}},"DataVersion":4082}