{"stats":{"minecraft:custom":{"minecraft:interact_with_furnace":19,"minecraft:mob_kills":21,"minecraft:interact_with_crafting_table":16,"minecraft:bell_ring":81,"minecraft:leave_game":8,"minecraft:time_since_death":39843,"minecraft:sleep_in_bed":2,"minecraft:climb_one_cm":972,"minecraft:time_since_rest":7113,"minecraft:sprint_one_cm":144596,"minecraft:damage_taken":745,"minecraft:walk_one_cm":177179,"minecraft:drop":1,"minecraft:damage_dealt":2742,"minecraft:swim_one_cm":8610,"minecraft:fly_one_cm":210023,"minecraft:open_chest":4,"minecraft:crouch_one_cm":30262,"minecraft:play_time":53562,"minecraft:deaths":1,"minecraft:sneak_time":5631,"minecraft:walk_under_water_one_cm":1252,"minecraft:boat_one_cm":58548,"minecraft:jump":1157,"minecraft:walk_on_water_one_cm":4756,"minecraft:total_world_time":53562,"minecraft:fall_one_cm":31761},"minecraft:dropped":{"minecraft:birch_log":1},"minecraft:picked_up":{"minecraft:birch_log":1,"minecraft:crafting_table":6,"minecraft:leather":8,"minecraft:oak_log":52,"minecraft:lily_pad":12,"minecraft:brewing_stand":1,"minecraft:yellow_bed":5,"minecraft:dirt":257,"minecraft:cooked_mutton":3,"minecraft:bone":2,"minecraft:wheat_seeds":4,"minecraft:bell":4,"minecraft:beef":14,"minecraft:oak_boat":3,"minecraft:oak_planks":9,"minecraft:birch_sapling":2,"minecraft:egg":1,"minecraft:furnace":2,"minecraft:stick":9,"minecraft:raw_iron":1,"minecraft:composter":1,"minecraft:oak_fence":16,"minecraft:torch":4,"minecraft:white_bed":2,"minecraft:rotten_flesh":1,"minecraft:arrow":1,"minecraft:hay_block":8,"minecraft:oak_sapling":2,"minecraft:mutton":17,"minecraft:coal":28,"minecraft:white_wool":11,"minecraft:cobblestone":23},"minecraft:killed":{"minecraft:spider":1,"minecraft:sheep":11,"minecraft:skeleton":1,"minecraft:zombie":1,"minecraft:cow":7},"minecraft:mined":{"minecraft:white_bed":2,"minecraft:brewing_stand":1,"minecraft:oak_fence":18,"minecraft:crafting_table":6,"minecraft:short_grass":21,"minecraft:grass_block":60,"minecraft:oak_planks":9,"minecraft:composter":1,"minecraft:hay_block":8,"minecraft:furnace":3,"minecraft:iron_ore":1,"minecraft:yellow_bed":5,"minecraft:bell":4,"minecraft:oak_log":50,"minecraft:coal_ore":28,"minecraft:dirt_path":59,"minecraft:dirt":109,"minecraft:stone":23,"minecraft:oak_leaves":9},"minecraft:broken":{"minecraft:stone_shovel":1},"minecraft:used":{"minecraft:cooked_mutton":2,"minecraft:stone_sword":63,"minecraft:stone_shovel":224,"minecraft:stone_pickaxe":58,"minecraft:wooden_pickaxe":3,"minecraft:bell":4,"minecraft:leather_boots":1,"minecraft:dirt":137,"minecraft:crafting_table":7,"minecraft:white_bed":3,"minecraft:birch_sapling":2,"minecraft:stone_axe":88,"minecraft:furnace":2,"minecraft:yellow_bed":5,"minecraft:oak_boat":3,"minecraft:egg":1,"minecraft:cooked_beef":6},"minecraft:crafted":{"minecraft:cooked_beef":11,"minecraft:oak_planks":48,"minecraft:stone_shovel":2,"minecraft:leather_boots":1,"minecraft:crafting_table":1,"minecraft:wooden_pickaxe":1,"minecraft:furnace":1,"minecraft:stone_axe":1,"minecraft:bread":24,"minecraft:cooked_mutton":5,"minecraft:air":0,"minecraft:oak_boat":2,"minecraft:shield":1,"minecraft:stick":16,"minecraft:iron_ingot":1,"minecraft:stone_pickaxe":1,"minecraft:stone_sword":1,"minecraft:white_bed":1,"minecraft:wheat":72},"minecraft:killed_by":{"minecraft:skeleton":1}},"DataVersion":4082}