{"stats":{"minecraft:picked_up":{"minecraft:birch_log":1,"minecraft:stick":9,"minecraft:crafting_table":3,"minecraft:leather":6,"minecraft:oak_log":52,"minecraft:dirt":31,"minecraft:bone":2,"minecraft:arrow":1,"minecraft:rotten_flesh":1,"minecraft:wheat_seeds":1,"minecraft:beef":10,"minecraft:oak_sapling":2,"minecraft:birch_sapling":2,"minecraft:cobblestone":8},"minecraft:crafted":{"minecraft:cooked_beef":4,"minecraft:oak_boat":1,"minecraft:oak_planks":48,"minecraft:leather_boots":1,"minecraft:crafting_table":1,"minecraft:stick":16,"minecraft:wooden_pickaxe":1,"minecraft:stone_pickaxe":1,"minecraft:stone_sword":1,"minecraft:stone_axe":1},"minecraft:used":{"minecraft:stone_sword":36,"minecraft:stone_pickaxe":6,"minecraft:wooden_pickaxe":3,"minecraft:leather_boots":1,"minecraft:stone_axe":50,"minecraft:dirt":1,"minecraft:crafting_table":2,"minecraft:oak_boat":1,"minecraft:cooked_beef":3},"minecraft:killed":{"minecraft:skeleton":1,"minecraft:zombie":1,"minecraft:spider":1,"minecraft:cow":5},"minecraft:custom":{"minecraft:time_since_rest":1712,"minecraft:interact_with_furnace":4,"minecraft:sprint_one_cm":42169,"minecraft:damage_taken":495,"minecraft:walk_one_cm":57394,"minecraft:mob_kills":8,"minecraft:damage_dealt":1662,"minecraft:interact_with_crafting_table":7,"minecraft:swim_one_cm":953,"minecraft:fly_one_cm":42276,"minecraft:crouch_one_cm":6228,"minecraft:play_time":15402,"minecraft:deaths":1,"minecraft:sneak_time":1385,"minecraft:walk_under_water_one_cm":199,"minecraft:boat_one_cm":12136,"minecraft:jump":254,"minecraft:leave_game":5,"minecraft:walk_on_water_one_cm":1261,"minecraft:time_since_death":1683,"minecraft:total_world_time":15402,"minecraft:fall_one_cm":6410},"minecraft:mined":{"minecraft:furnace":1,"minecraft:crafting_table":3,"minecraft:short_grass":8,"minecraft:oak_log":50,"minecraft:dirt":1,"minecraft:stone":8,"minecraft:oak_leaves":7},"minecraft:killed_by":{"minecraft:skeleton":1}},"DataVersion":4082}