{"minecraft:recipes/decorations/crafting_table":{"criteria":{"unlock_right_away":"2025-05-19 21:17:52 +0000"},"done":true},"minecraft:adventure/adventuring_time":{"criteria":{"minecraft:forest":"2025-05-19 21:17:53 +0000","minecraft:plains":"2025-05-19 21:26:56 +0000"},"done":false},"minecraft:adventure/root":{"criteria":{"killed_something":"2025-05-19 21:29:04 +0000"},"done":true},"minecraft:adventure/kill_all_mobs":{"criteria":{"minecraft:zombie":"2025-05-19 21:29:04 +0000"},"done":false},"minecraft:adventure/kill_a_mob":{"criteria":{"minecraft:zombie":"2025-05-19 21:29:04 +0000"},"done":true},"minecraft:adventure/sleep_in_bed":{"criteria":{"slept_in_bed":"2025-05-19 21:29:11 +0000"},"done":true},"minecraft:recipes/misc/wheat":{"criteria":{"has_hay_block":"2025-05-19 21:38:50 +0000"},"done":true},"minecraft:recipes/redstone/target":{"criteria":{"has_hay_block":"2025-05-19 21:38:50 +0000"},"done":true},"DataVersion":4082}